Schlüssel,DE,LB-Entwurf,FR (zur Hilfe),LB korrigiert
i18n:site.name,Lanners & Jager,Lanners & Jager,Lanners & Jager,
i18n:site.skip,Zum Inhalt springen,Direkt bei den Inhalt,Aller au contenu,
i18n:site.ort,Ettelbruck,Ettelbréck,Ettelbruck,
i18n:site.externerLink,öffnet eine andere Website,mécht eng aner Websäit op,ouvre un autre site,
i18n:site.neuesFenster,öffnet in neuem Fenster,mécht an enger neier Fënster op,ouvre dans une nouvelle fenêtre,
i18n:site.laden,Wird geladen …,Gëtt gelueden …,Chargement …,
i18n:site.pflicht,Pflichtfeld,Pflichtfeld,champ obligatoire,
i18n:site.freiwillig,freiwillig,fräiwëlleg,facultatif,
i18n:site.telefone,"Lanners {lanners}, Jager {jager}","Lanners {lanners}, Jager {jager}","Lanners {lanners}, Jager {jager}",
i18n:nav.haupt,Hauptnavigation,Haaptnavigatioun,Navigation principale,
i18n:nav.sortiment,Sortiment,Sortiment,Collection,
i18n:nav.damen,Damen,Fraen,Femme,
i18n:nav.herren,Herren,Hären,Homme,
i18n:nav.accessoires,Hüte & Accessoires,Hitt & Accessoiren,Chapeaux & accessoires,
i18n:nav.marken,Marken,Marken,Marques,
i18n:nav.sale,Sale,Sale,Soldes,
i18n:nav.haeuser,Die Häuser,D'Haiser,Les maisons,
i18n:nav.menu,Menü,Menü,Menu,
i18n:nav.schliessen,Schließen,Zoumaachen,Fermer,
i18n:nav.suche,Suche,Sichen,Recherche,
i18n:nav.tasche,Warenkorb,Akafskuerf,Panier,
i18n:nav.tascheAnzahl_one,"Warenkorb, {n} Artikel","Akafskuerf, {n} Artikel","Panier, {n} article",
i18n:nav.tascheAnzahl_other,"Warenkorb, {n} Artikel","Akafskuerf, {n} Artikelen","Panier, {n} articles",
i18n:nav.tascheLeer,"Warenkorb, leer","Akafskuerf, eidel","Panier, vide",
i18n:nav.service,Service,Service,Service,
i18n:nav.start,Startseite,Startsäit,Accueil,
i18n:nav.neu,Neu eingetroffen,Nei erakomm,Nouveautés,
i18n:nav.alleArtikel,Alle Artikel,All Artikelen,Tous les articles,
i18n:nav.geschichte,Geschichte,Geschicht,Histoire,
i18n:nav.untermenu,Untermenü {name} öffnen,Ënnermenü {name} opmaachen,Ouvrir le sous-menu {name},
i18n:sprache.label,Sprache,Sprooch,Langue,
i18n:sprache.im.lb,Luxemburgisch,Lëtzebuergesch,luxembourgeois,
i18n:sprache.im.de,Deutsch,Däitsch,allemand,
i18n:sprache.im.fr,Französisch,Franséisch,français,
i18n:sprache.im.en,Englisch,Englesch,anglais,
i18n:sprache.im.nl,Niederländisch,Hollännesch,néerlandais,
i18n:haus.legend,Haus wählen,Haus auswielen,Choisir la maison,
i18n:haus.beide,Beide Häuser,Béid Haiser,Les deux maisons,
i18n:haus.lanners,Lanners,Lanners,Lanners,
i18n:haus.jager,Jager,Jager,Jager,
i18n:haus.adresse,Grand-Rue {nr},Grand-Rue {nr},{nr} Grand-Rue,
i18n:haus.beideNamen,Lanners und Jager,Lanners a Jager,Lanners et Jager,
i18n:haus.shopWaehlen,Shop wählen,Shop wielen,Choisir la boutique,
i18n:demo.leiste,"Demo: Artikel, Preise und Bestände sind Beispieldaten. Es wird nichts verkauft.","Demo: Artikelen, Präisser a Stocke si Beispilldaten. Et gëtt näischt verkaaft.","Démo : articles, prix et stocks sont des exemples. Rien n'est vendu.",
i18n:demo.postausgang,Demo-Postausgang,Demo-Postausgang,Courrier de démo,
i18n:demo.artikel,Demo-Artikel,Demo-Artikel,Article de démo,
i18n:demo.foto,Demo-Foto,Demo-Foto,Photo de démo,
i18n:demo.wert,Demo-Wert,Demo-Wäert,valeur de démo,
i18n:offen.fehlt,[fehlt],[feelt],[manquant],
i18n:offen.unbestaetigt,[unbestätigt],[net confirméiert],[à confirmer],
i18n:offen.titel,Offener Punkt {op},Oppene Punkt {op},Point ouvert {op},
i18n:footer.mehrUeber,Mehr über {haus},Méi iwwer {haus},En savoir plus sur {haus},
i18n:footer.telefon,Telefon,Telefon,Téléphone,
i18n:footer.email,E-Mail,E-Mail,E-mail,
i18n:footer.facebook,{haus} auf Facebook,{haus} op Facebook,{haus} sur Facebook,
i18n:footer.oeffnungszeiten,Öffnungszeiten,Ëffnungszäiten,Horaires d'ouverture,
i18n:footer.gutscheine,Gutscheine,Kaddosbongen,Chèques-cadeaux,
i18n:footer.howto,So funktioniert's,Wéi et geet,Comment ça marche,
i18n:footer.kontakt,Kontakt,Kontakt,Contact,
i18n:footer.impressum,Impressum,Impressum,Mentions légales,
i18n:footer.datenschutz,Datenschutz,Dateschutz,Protection des données,
i18n:footer.agb,AGB,AGB,CGV,
i18n:footer.widerruf,Widerruf,Widderruff,Rétractation,
i18n:footer.versand,Versand & Zahlung,Versand & Bezuelen,Livraison & paiement,
i18n:zeiten.titel,Öffnungszeiten,Ëffnungszäiten,Horaires d'ouverture,
i18n:zeiten.tag,Tag,Dag,Jour,
i18n:zeiten.zeit,Zeit,Zäit,Heures,
i18n:zeiten.heute,heute,haut,aujourd'hui,
i18n:zeiten.geschlossen,geschlossen,zou,fermé,
i18n:zeiten.von_bis,{von}–{bis},{von}–{bis},{von}–{bis},
i18n:zeiten.und, und , an , et ,
i18n:zeiten.feiertage,An gesetzlichen Feiertagen geschlossen.,Op gesetzleche Feierdeeg zou.,Fermé les jours fériés légaux.,
i18n:zeiten.naechsteFeiertage,Nächste Feiertage,Nächst Feierdeeg,Prochains jours fériés,
i18n:zeiten.abweichend,Abweichende Öffnungszeiten,Aner Ëffnungszäiten,Horaires exceptionnels,
i18n:zeiten.jetztOffen,Jetzt geöffnet,Elo op,Ouvert maintenant,
i18n:zeiten.jetztZu,Jetzt geschlossen,Elo zou,Fermé maintenant,
i18n:zeiten.tage.mo,Montag,Méindeg,lundi,
i18n:zeiten.tage.di,Dienstag,Dënschdeg,mardi,
i18n:zeiten.tage.mi,Mittwoch,Mëttwoch,mercredi,
i18n:zeiten.tage.do,Donnerstag,Donneschdeg,jeudi,
i18n:zeiten.tage.fr,Freitag,Freideg,vendredi,
i18n:zeiten.tage.sa,Samstag,Samschdeg,samedi,
i18n:zeiten.tage.so,Sonntag,Sonndeg,dimanche,
i18n:zeiten.monate.10,Oktober,Oktober,octobre,
i18n:zeiten.monate.11,November,November,novembre,
i18n:zeiten.monate.12,Dezember,Dezember,décembre,
i18n:zeiten.monate.01,Januar,Januar,janvier,
i18n:zeiten.monate.02,Februar,Februar,février,
i18n:zeiten.monate.03,März,Mäerz,mars,
i18n:zeiten.monate.04,April,Abrëll,avril,
i18n:zeiten.monate.05,Mai,Mee,mai,
i18n:zeiten.monate.06,Juni,Juni,juin,
i18n:zeiten.monate.07,Juli,Juli,juillet,
i18n:zeiten.monate.08,August,August,août,
i18n:zeiten.monate.09,September,September,septembre,
i18n:zeiten.kurz.mo,Mo,Mé,lun.,
i18n:zeiten.kurz.di,Di,Dë,mar.,
i18n:zeiten.kurz.mi,Mi,Më,mer.,
i18n:zeiten.kurz.do,Do,Do,jeu.,
i18n:zeiten.kurz.fr,Fr,Fr,ven.,
i18n:zeiten.kurz.sa,Sa,Sa,sam.,
i18n:zeiten.kurz.so,So,So,dim.,
i18n:zeiten.spanne,{von} bis {bis},{von} bis {bis},{von} à {bis},
i18n:hero.h1,Zwei Modehäuser in der Grand-Rue,Zwee Moudenhaiser an der Grand-Rue,Deux maisons de mode dans la Grand-Rue,
i18n:hero.sub,"Damen- und Herrenmode bei Lanners, Herrenmode und Hüte bei Jager, mitten in Ettelbruck. Sehen Sie hier, was in Ihrer Größe da ist, reservieren Sie es und probieren Sie es im Laden an.","Fraen- an Häremoud bei Lanners, Häremoud an Hitt bei Jager, mëtten zu Ettelbréck. Kuckt hei, wat an Ärer Gréisst do ass, reservéiert et a probéiert et am Buttek un.","Mode femme et homme chez Lanners, mode homme et chapeaux chez Jager, au cœur d'Ettelbruck. Voyez ici ce qui est disponible dans votre taille, réservez-le et essayez-le en boutique.",
i18n:hero.subKauf,Oder bestellen Sie direkt.,Oder bestellt direkt.,Ou commandez directement.,
i18n:hero.btnSortiment,Zum Sortiment,Bei d'Sortiment,Voir la collection,
i18n:hero.btnHowto,So funktioniert's,Wéi et geet,Comment ça marche,
i18n:hero.vorzeile,Ettelbruck · Grand-Rue 18 & 32,Ettelbréck · Grand-Rue 18 & 32,"Ettelbruck · 18 & 32, Grand-Rue",
i18n:home.neuH2,Neu eingetroffen,Nei erakomm,Nouveautés,
i18n:home.neuAlle,Alle ansehen,Alles kucken,Tout voir,
i18n:home.neuAlleSr,Alle neu eingetroffenen Artikel ansehen,All nei erakomm Artikele kucken,Voir toutes les nouveautés,
i18n:home.neuLeer,Gerade ist nichts Neues markiert.,Grad ass näischt Neies markéiert.,Aucune nouveauté n'est signalée en ce moment.,
i18n:home.neuLeerLink,Sehen Sie sich das ganze Sortiment an.,Kuckt Iech dat ganzt Sortiment un.,Découvrez toute la collection.,
i18n:home.neuRegion,Neu eingetroffen,Nei erakomm,Nouveautés,
i18n:home.zurueck,Zurück,Zréck,Précédent,
i18n:home.weiter,Weiter,Weider,Suivant,
i18n:home.sortimentH2,Sortiment,Sortiment,Collection,
i18n:home.howtoH2,So funktioniert's,Wéi et geet,Comment ça marche,
i18n:home.howtoLink,"Alles zu Reservieren, Abholen und Liefern","Alles iwwer Reservéieren, Ofhuelen a Liwweren","Tout sur la réservation, le retrait et la livraison",
i18n:home.markenH2,Marken in den zwei Häusern,Marken an den zwee Haiser,Les marques des deux maisons,
i18n:home.haeuserH2,Die zwei Häuser,Déi zwee Haiser,Les deux maisons,
i18n:home.faqH2,Häufige Fragen,Dacks gestallte Froen,Questions fréquentes,
i18n:home.route,Route planen,Wee plangen,Itinéraire,
i18n:home.routeSr,Route zu {haus} in Google Maps,Wee bei {haus} op Google Maps,Itinéraire vers {haus} sur Google Maps,
i18n:home.zumHaus,Zum Haus,Bei d'Haus,Voir la maison,
i18n:home.zumHausSr,Zum Haus {haus},Bei d'Haus {haus},Voir la maison {haus},
i18n:home.markenVorzeile,Was wir führen,Wat mir féieren,Nos marques,
i18n:home.shopsVorzeile,"Zwei Häuser, zwei Shops","Zwee Haiser, zwee Shoppen","Deux maisons, deux boutiques",
i18n:home.shopsH2,Wählen Sie Ihr Haus,Wielt Äert Haus,Choisissez votre maison,
i18n:home.shopsText,"Jedes Haus hat sein eigenes Sortiment. Im Shop sehen Sie nur, was dort verkauft wird, mit Öffnungszeiten, Marken und Kontakt.","All Haus huet säin eegent Sortiment. Am Shop gesitt Dir just dat, wat do verkaf gëtt, mat Ëffnungszäiten, Marken a Kontakt.","Chaque maison a son propre assortiment. Dans sa boutique, vous ne voyez que ce qui y est vendu, avec horaires, marques et contact.",
i18n:home.neuVorzeile,Frisch im Laden,Frësch am Buttek,Tout juste arrivé,
i18n:home.sortimentVorzeile,Für Sie und für Ihn,"Fir Hatt, fir Hien",Pour elle et pour lui,
i18n:home.katDamen,Mode bei Lanners,Moud bei Lanners,Mode chez Lanners,
i18n:home.katHerren,Bei Lanners und bei Jager,Bei Lanners a bei Jager,Chez Lanners et chez Jager,
i18n:home.katAccessoires,"Hüte, Schals, Gürtel, Taschen","Hitt, Schal, Rimmen, Täschen","Chapeaux, écharpes, ceintures, sacs",
i18n:home.katSale,Reduziert in beiden Häusern,Reduzéiert a béid Haiser,Soldés dans les deux maisons,
i18n:home.howtoVorzeile,"Online sehen, im Laden anprobieren","Online kucken, am Buttek probéieren","Voir en ligne, essayer en boutique",
i18n:home.geschichteVorzeile,Seit 1891,Zënter 1891,Depuis 1891,
i18n:home.geschichteH2,Tradition in der Grand-Rue,Traditioun an der Grand-Rue,La tradition dans la Grand-Rue,
i18n:home.geschichteText,Jager-Oberlinkels begann 1891 als Hutgeschäft in der Grand-Rue 32. Heute stehen zwei Modehäuser für persönliche Beratung mitten in Ettelbruck.,Jager-Oberlinkels huet 1891 als Hutgeschäft an der Grand-Rue 32 ugefaangen. Haut stinn zwee Moudenhaiser fir eng perséinlech Berodung matzen zu Ettelbréck.,"Jager-Oberlinkels a commencé en 1891 comme magasin de chapeaux au 32, Grand-Rue. Aujourd'hui, deux maisons de mode offrent un conseil personnalisé au cœur d'Ettelbruck.",
i18n:home.geschichteLink,Unsere Geschichte lesen,Eis Geschicht liesen,Lire notre histoire,
i18n:home.faqVorzeile,Gut zu wissen,Gutt ze wëssen,Bon à savoir,
i18n:howto.s1Titel,Größe und Haus wählen.,Gréisst an Haus wielen.,Choisissez la taille et la maison.,
i18n:howto.s1Text,"Die Größenleiste zeigt, was bei Lanners und bei Jager gerade da ist. Der Bestand kommt alle zehn Minuten aus der Ladenkasse.","D'Gréisstenleescht weist, wat bei Lanners a bei Jager grad do ass. De Stock kënnt all zéng Minutten aus der Keess vum Buttek.",La barre des tailles montre ce qui est disponible chez Lanners et chez Jager. Le stock vient de la caisse et se met à jour toutes les dix minutes.,
i18n:howto.s2Titel,Reservieren oder bestellen.,Reservéieren oder bestellen.,Réservez ou commandez.,
i18n:howto.s2TitelReserve,Reservieren.,Reservéieren.,Réservez.,
i18n:howto.s2TextReserve,Eine Reservierung ist kostenlos und unverbindlich.,Eng Reservatioun ass gratis an onverbindlech.,La réservation est gratuite et sans engagement.,
i18n:howto.s2TextKauf,Oder Sie bezahlen online und holen im Haus ab oder lassen liefern.,Oder Dir bezuelt online an huelt am Haus of oder loosst liwweren.,"Ou payez en ligne, puis retirez en boutique ou faites-vous livrer.",
i18n:howto.s3Titel,"Anprobieren, abholen, tragen.","Uprobéieren, ofhuelen, droen.","Essayez, retirez, portez.",
i18n:howto.s3Text,"Wir legen Ihre Reservierung {n} Werktage zurück. Sie probieren im Laden an, lassen sich beraten und bezahlen nur, was passt.","Mir leeën Är Reservatioun {n} Aarbechtsdeeg zréck. Dir probéiert am Buttek un, loosst Iech beroden a bezuelt nëmmen, wat passt.","Nous gardons votre réservation {n} jours ouvrables. Vous essayez en boutique, vous vous faites conseiller et vous ne payez que ce qui vous va.",
i18n:howto.h1,So funktioniert's,Wéi et geet,Comment ça marche,
i18n:howto.intro,"Online sehen, im Laden anprobieren: So kommen Sie bei Lanners und Jager an Ihre Größe.","Online kucken, am Buttek uprobéieren: Sou kommt Dir bei Lanners a Jager un Är Gréisst.","Voir en ligne, essayer en boutique : voici comment trouver votre taille chez Lanners et Jager.",
i18n:howto.schritteH2,In drei Schritten,An dräi Schrëtt,En trois étapes,
i18n:howto.reservierenH2,Reservieren,Reservéieren,Réserver,
i18n:howto.reservierenText,"Wählen Sie auf der Produktseite Größe und Haus und senden Sie die Reservierung ab. Das Haus legt den Artikel ab dem Tag, den Sie wählen, {n} Werktage für Sie zurück. Bezahlt wird im Laden, und nur, was Ihnen passt.","Wielt op der Produitsäit Gréisst an Haus a schéckt d'Reservatioun of. D'Haus leet den Artikel ab dem Dag, deen Dir wielt, {n} Aarbechtsdeeg fir Iech zréck. Bezuelt gëtt am Buttek, an nëmmen dat, wat Iech passt.","Choisissez la taille et la maison sur la page du produit, puis envoyez la réservation. La maison garde l'article pour vous {n} jours ouvrables à partir du jour que vous choisissez. Vous payez en boutique, uniquement ce qui vous va.",
i18n:howto.reservierenFrei,Reservieren ist kostenlos und unverbindlich.,Reservéieren ass gratis an onverbindlech.,La réservation est gratuite et sans engagement.,
i18n:howto.abholenH2,Online bezahlen und im Haus abholen,Online bezuelen an am Haus ofhuelen,Payer en ligne et retirer en boutique,
i18n:howto.abholenText,"Sie bezahlen online und holen ab dem nächsten Öffnungstag ab, und zwar in dem Haus, in dem der Artikel liegt. Bringen Sie die Bestellnummer mit.","Dir bezuelt online an huelt ab dem nächsten Ëffnungsdag of, an deem Haus, wou den Artikel läit. Bréngt d'Bestellnummer mat.","Vous payez en ligne et vous retirez votre commande dès le jour d'ouverture suivant, dans la maison où se trouve l'article. Munissez-vous du numéro de commande.",
i18n:howto.anderesHaus,Abholung im anderen Haus:,Ofhuelen am aneren Haus:,Retrait dans l'autre maison :,
i18n:howto.liefernH2,Liefern lassen,Liwwere loossen,Se faire livrer,
i18n:howto.liefernText,Wir liefern innerhalb Luxemburgs in {n} Werktagen. Versandkosten: {kosten}.,Mir liwweren bannent Lëtzebuerg an {n} Aarbechtsdeeg. Versandkäschten: {kosten}.,Nous livrons au Luxembourg en {n} jours ouvrables. Frais de livraison : {kosten}.,
i18n:howto.bezahlenH2,Bezahlen,Bezuelen,Payer,
i18n:howto.bezahlenText,"Confection Lanners und Jager-Oberlinkels sind zwei Häuser mit eigener Kasse. Liegen Artikel aus beiden Häusern in Ihrem Warenkorb, bezahlen Sie bei jedem Haus separat. Ihre Kontaktdaten geben Sie dafür nur einmal ein.","Confection Lanners a Jager-Oberlinkels sinn zwee Haiser mat enger eegener Keess. Leien Artikelen aus béiden Haiser an Ärem Akafskuerf, bezuelt Dir bei all Haus separat. Är Kontaktdonnéeë gitt Dir dofir nëmmen eng Kéier an.","Confection Lanners et Jager-Oberlinkels sont deux maisons avec leur propre caisse. Si votre panier contient des articles des deux maisons, vous payez chaque maison séparément. Vous ne saisissez vos coordonnées qu'une seule fois.",
i18n:howto.rueckgabeH2,Rückgabe und Umtausch,Zréckginn an ëmtauschen,Retour et échange,
i18n:howto.rueckgabeText,"Online gekaufte Artikel können Sie innerhalb von 14 Tagen zurückgeben. Das ist Ihr gesetzliches Widerrufsrecht, Einzelheiten stehen in der Widerrufsbelehrung.","Online kaaft Artikele kënnt Dir bannent 14 Deeg zréckginn. Dat ass Äert gesetzlecht Réckzuchsrecht, d'Detailer stinn an der Widderruffsbeléierung.","Vous pouvez retourner les articles achetés en ligne dans un délai de 14 jours. C'est votre droit légal de rétractation ; les détails figurent dans les informations sur la rétractation.",
i18n:howto.umtausch,Umtausch im Laden:,Ëmtausch am Buttek:,Échange en boutique :,
i18n:howto.faqH2,Fragen dazu,Froen dozou,Questions à ce sujet,
i18n:haeuser.h1,Die Häuser,D'Haiser,Les maisons,
i18n:haeuser.intro,"Zwei Häuser, 14 Hausnummern auseinander in der Grand-Rue von Ettelbruck.","Zwee Haiser, 14 Hausnummeren auserneen an der Grand-Rue zu Ettelbréck.","Deux maisons, à 14 numéros l'une de l'autre dans la Grand-Rue d'Ettelbruck.",
i18n:haeuser.lannersText,"Confection Lanners in der Grand-Rue 18 ist das größere der zwei Häuser: 520 m² Damen- und Herrenmode, vom Business-Anzug bis zur Freizeitjacke. Hier finden Sie Boss, Maerz, Scotch & Soda, Save the Duck, Camel Active, PME Legend und State of Art. Lassen Sie sich in Ruhe beraten.","Confection Lanners an der Grand-Rue 18 ass dat méi grousst vun den zwee Haiser: 520 m² Fraen- an Häremoud, vum Business-Kostüm bis bei d'Fräizäitjackett. Hei fannt Dir Boss, Maerz, Scotch & Soda, Save the Duck, Camel Active, PME Legend a State of Art. Loosst Iech a Rou beroden.","Confection Lanners, au 18 Grand-Rue, est la plus grande des deux maisons : 520 m² de mode femme et homme, du costume d'affaires à la veste du week-end. Vous y trouvez Boss, Maerz, Scotch & Soda, Save the Duck, Camel Active, PME Legend et State of Art. Prenez le temps de vous faire conseiller.",
i18n:haeuser.lannersKurz,"Das größere der zwei Häuser: 520 m² Damen- und Herrenmode, vom Business-Anzug bis zur Freizeitjacke. Lassen Sie sich in Ruhe beraten.","Dat méi grousst vun den zwee Haiser: 520 m² Fraen- an Häremoud, vum Business-Kostüm bis bei d'Fräizäitjackett. Loosst Iech a Rou beroden.","La plus grande des deux maisons : 520 m² de mode femme et homme, du costume d'affaires à la veste du week-end. Prenez le temps de vous faire conseiller.",
i18n:haeuser.lannersHoflieferant,Confection Lanners ist Hoflieferant des großherzoglichen Hofes.,Confection Lanners ass Fournisseur vum groussherzogleche Haff.,Confection Lanners est fournisseur de la Cour grand-ducale.,
i18n:haeuser.jagerText,"Jager-Oberlinkels ist seit 1891 in der Grand-Rue 32 zu Hause. Angefangen hat es als Hutgeschäft, dann kamen Hemden dazu. Heute kleidet Jager Herren von Kopf bis Fuß ein: Lacoste, Levi's, Barbour, Gardeur, Hüte von Stetson und Fynch Hatton, dazu Unterwäsche, Accessoires und Lederwaren.","Jager-Oberlinkels ass zënter 1891 an der Grand-Rue 32 doheem. Ugefaangen huet et als Hutgeschäft, duerno sinn Hiemer dobäikomm. Haut kleet Jager Hären vu Kapp bis Fouss an: Lacoste, Levi's, Barbour, Gardeur, Hitt vu Stetson a Fynch Hatton, dozou Ënnerwäsch, Accessoiren a Liederwueren.","Jager-Oberlinkels est installé au 32 Grand-Rue depuis 1891. La maison a commencé comme chapellerie, puis les chemises sont arrivées. Aujourd'hui, Jager habille les hommes de la tête aux pieds : Lacoste, Levi's, Barbour, Gardeur, chapeaux Stetson et Fynch Hatton, sous-vêtements, accessoires et maroquinerie.",
i18n:haeuser.jagerKurz,"Seit 1891 in der Grand-Rue 32, angefangen als Hutgeschäft. Heute kleidet Jager Herren von Kopf bis Fuß ein.","Zënter 1891 an der Grand-Rue 32, ugefaangen als Hutgeschäft. Haut kleet Jager Hären vu Kapp bis Fouss an.","Au 32 Grand-Rue depuis 1891, à l'origine une chapellerie. Aujourd'hui, Jager habille les hommes de la tête aux pieds.",
i18n:haeuser.fakten,Auf einen Blick,Op ee Bléck,En bref,
i18n:haeuser.abteilungen,Abteilungen,Rayonen,Rayons,
i18n:haeuser.lannersAbteilungen,Damen und Herren,Fraen an Hären,Femme et homme,
i18n:haeuser.jagerAbteilungen,Herren,Hären,Homme,
i18n:haeuser.marken,Marken,Marken,Marques,
i18n:haeuser.flaeche,Fläche,Fläch,Surface,
i18n:haeuser.seit,Seit,Zënter,Depuis,
i18n:haeuser.jagerSeit,Seit 1891 an dieser Adresse,Zënter 1891 op dëser Adress,À cette adresse depuis 1891,
i18n:haeuser.gegruendet,Gegründet,Gegrënnt,Fondée en,
i18n:haeuser.geschichte,Geschichte,Geschicht,Histoire,
i18n:haeuser.jagerGeschichte1,Angefangen als Hutgeschäft,Ugefaangen als Hutgeschäft,À l'origine une chapellerie,
i18n:haeuser.jagerGeschichte2,dann Hut- und Hemdengeschäft,duerno Hut- an Hiemergeschäft,puis chapeaux et chemises,
i18n:haeuser.jagerGeschichte3,heute Herrenausstatter,haut Häreausstatter,aujourd'hui tailleur-chemisier pour homme,
i18n:haeuser.kontaktH2,Adresse und Kontakt,Adress a Kontakt,Adresse et contact,
i18n:haeuser.zeitenH2,Öffnungszeiten,Ëffnungszäiten,Horaires d'ouverture,
i18n:haeuser.neuH2,Neu eingetroffen bei {haus},Nei erakomm bei {haus},Nouveautés chez {haus},
i18n:haeuser.zumHaus,Zum Haus {haus},Bei d'Haus {haus},Voir la maison {haus},
i18n:marken.h1,Marken,Marken,Marques,
i18n:marken.intro,"Alle Marken von Lanners und Jager, mit dem Bestand je Größe und je Haus.","All d'Marke vu Lanners a Jager, mam Stock no Gréisst an no Haus.","Toutes les marques de Lanners et Jager, avec le stock par taille et par maison.",
i18n:marken.beide,beide Häuser,béid Haiser,les deux maisons,
i18n:marken.anzahl_one,{n} Artikel,{n} Artikel,{n} article,
i18n:marken.anzahl_other,{n} Artikel,{n} Artikelen,{n} articles,
i18n:marken.buchstaben,Nach Anfangsbuchstaben,No Ufanksbuschtaf,Par initiale,
i18n:marken.h1Marke,{marke} in Ettelbruck,{marke} zu Ettelbréck,{marke} à Ettelbruck,
i18n:marken.vorlageEins,"{marke} finden Sie bei {haus} in der Grand-Rue {nr} in Ettelbruck. Hier sehen Sie, welche Größen gerade da sind.","{marke} fannt Dir bei {haus} an der Grand-Rue {nr} zu Ettelbréck. Hei gesitt Dir, wéi eng Gréissten grad do sinn.","Vous trouvez {marke} chez {haus}, au {nr} Grand-Rue à Ettelbruck. Voyez ici quelles tailles sont disponibles en ce moment.",
i18n:marken.vorlageBeide,"{marke} finden Sie bei Lanners und bei Jager in der Grand-Rue in Ettelbruck. Hier sehen Sie, welche Größen gerade da sind.","{marke} fannt Dir bei Lanners a bei Jager an der Grand-Rue zu Ettelbréck. Hei gesitt Dir, wéi eng Gréissten grad do sinn.","Vous trouvez {marke} chez Lanners et chez Jager, dans la Grand-Rue à Ettelbruck. Voyez ici quelles tailles sont disponibles en ce moment.",
i18n:marken.band,Unsere Marken,Eis Marken,Nos marques,
i18n:marken.alle,Alle Marken,All Marken,Toutes les marques,
i18n:marken.bandPause,Band anhalten,Band stoppen,Mettre en pause,
i18n:marken.bandWeiter,Band abspielen,Band weiderlafe loossen,Reprendre,
i18n:marken.imLaden,Im Laden erhältlich,Am Buttek ze kréien,Disponible en boutique,
i18n:marken.weitere,Weitere Marken,Aner Marken,Autres marques,
i18n:liste.anzahl_one,{n} Artikel,{n} Artikel,{n} article,
i18n:liste.anzahl_other,{n} Artikel,{n} Artikelen,{n} articles,
i18n:liste.filtern,Filtern,Filteren,Filtrer,
i18n:liste.filterTitel,Filter,Filter,Filtres,
i18n:liste.haus,Haus,Haus,Maison,
i18n:liste.marke,Marke,Mark,Marque,
i18n:liste.groesse,Größe,Gréisst,Taille,
i18n:liste.farbe,Farbe,Faarf,Couleur,
i18n:liste.preis,Preis,Präis,Prix,
i18n:liste.nurSale,Nur Sale,Nëmme Sale,Soldes uniquement,
i18n:liste.alle,Alle,All,Tous,
i18n:liste.zeigen_one,{n} Artikel zeigen,{n} Artikel weisen,Voir {n} article,
i18n:liste.zeigen_other,{n} Artikel zeigen,{n} Artikele weisen,Voir {n} articles,
i18n:liste.zuruecksetzen,Filter zurücksetzen,Filter zrécksetzen,Réinitialiser les filtres,
i18n:liste.sortieren,Sortieren,Sortéieren,Trier,
i18n:liste.sortEmpfohlen,Empfohlen,Recommandéiert,Recommandés,
i18n:liste.sortNeu,Neu,Nei,Nouveautés,
i18n:liste.sortPreisAuf,Preis aufsteigend,Präis eropgoend,Prix croissant,
i18n:liste.sortPreisAb,Preis absteigend,Präis erofgoend,Prix décroissant,
i18n:liste.mehr,Weitere Artikel laden,Méi Artikele lueden,Afficher plus d'articles,
i18n:liste.filterFehler,Die Filter sind gerade nicht verfügbar. Die Seiten unten zeigen alle Artikel.,D'Filtere sinn de Moment net disponibel. D'Säiten hei ënnen weisen all d'Artikelen.,Les filtres ne sont pas disponibles pour le moment. Les pages ci-dessous montrent tous les articles.,
i18n:liste.geladen_one,{n} weiterer Artikel geladen,{n} Artikel méi gelueden,{n} article de plus chargé,
i18n:liste.geladen_other,{n} weitere Artikel geladen,{n} Artikele méi gelueden,{n} articles de plus chargés,
i18n:liste.seiten,Seiten,Säiten,Pages,
i18n:liste.seite,Seite {n},Säit {n},Page {n},
i18n:liste.seiteVon,Seite {n} von {m},Säit {n} vun {m},Page {n} sur {m},
i18n:liste.vorherige,Vorherige Seite,Vireg Säit,Page précédente,
i18n:liste.naechste,Nächste Seite,Nächst Säit,Page suivante,
i18n:liste.leer,Mit diesen Filtern gibt es gerade nichts.,Mat dëse Filter gëtt et grad näischt.,Rien ne correspond à ces filtres en ce moment.,
i18n:liste.leerReset,Filter zurücksetzen.,Filter zrécksetzen.,Réinitialiser les filtres.,
i18n:liste.stand,Verfügbarkeit Stand: {datum}. Live ist der Bestand auf der Produktseite.,Disponibilitéit Stand: {datum}. Live ass de Stock op der Produitsäit.,Disponibilité au {datum}. Le stock en direct figure sur la page du produit.,
i18n:liste.gefunden_one,{n} Artikel gefunden,{n} Artikel fonnt,{n} article trouvé,
i18n:liste.gefunden_other,{n} Artikel gefunden,{n} Artikele fonnt,{n} articles trouvés,
i18n:liste.preisBis,bis {b},bis {b},jusqu'à {b},
i18n:liste.preisVonBis,{a} bis {b},{a} bis {b},{a} à {b},
i18n:liste.preisUeber,über {a},iwwer {a},plus de {a},
i18n:liste.warengruppen,Warengruppen,Kategorien,Catégories,
i18n:liste.alleArtikel,Alle {name},All {name},Tout {name},
i18n:liste.saleH1,Sale,Sale,Soldes,
i18n:liste.sortimentH1,Sortiment,Sortiment,Collection,
i18n:liste.neuH1,Neu eingetroffen,Nei erakomm,Nouveautés,
i18n:karte.statt,statt,amplaz,au lieu de,
i18n:karte.jetzt,jetzt,elo,maintenant,
i18n:karte.beide,Lanners und Jager,Lanners a Jager,Lanners et Jager,
i18n:karte.nurBei,Nur bei {haus},Nëmme bei {haus},Uniquement chez {haus},
i18n:karte.nicht,Gerade nicht vorrätig,Grad net op Lager,Momentanément épuisé,
i18n:produkt.pfad,Navigationspfad,Navigatiounswee,Fil d'Ariane,
i18n:produkt.farbe,Farbe: {farbe},Faarf: {farbe},Couleur : {farbe},
i18n:produkt.farben,Farben,Faarwen,Couleurs,
i18n:produkt.farbeLink,Farbe {farbe},Faarf {farbe},Couleur {farbe},
i18n:produkt.farbeAktiv,"Farbe {farbe}, ausgewählt","Faarf {farbe}, ausgewielt","Couleur {farbe}, sélectionnée",
i18n:produkt.inklMwst,inkl. MwSt.,inkl. TVA,TVA incluse,
i18n:produkt.statt,statt,amplaz,au lieu de,
i18n:produkt.jetzt,jetzt,elo,maintenant,
i18n:produkt.ab,ab {preis},ab {preis},à partir de {preis},
i18n:produkt.omnibus,Niedrigster Preis der letzten 30 Tage: {preis},Niddregste Präis vun de leschten 30 Deeg: {preis},Prix le plus bas des 30 derniers jours : {preis},
i18n:produkt.beschreibung,Beschreibung,Beschreiwung,Description,
i18n:produkt.material,Material,Material,Composition,
i18n:produkt.pflege,Pflege,Fleeg,Entretien,
i18n:produkt.artikelnummer,Artikelnummer,Artikelnummer,Référence,
i18n:produkt.nurSpracheBeschreibung,Beschreibung nur auf {sprache} verfügbar.,Beschreiwung nëmmen op {sprache} disponibel.,Description disponible uniquement en {sprache}.,
i18n:produkt.nurSpracheMaterial,Material nur auf {sprache} angegeben.,Material nëmmen op {sprache} uginn.,Composition indiquée uniquement en {sprache}.,
i18n:produkt.nurSprachePflege,Pflegehinweise nur auf {sprache} verfügbar.,Fleeghiweiser nëmmen op {sprache} disponibel.,Conseils d'entretien disponibles uniquement en {sprache}.,
i18n:produkt.keinText,Zu diesem Artikel gibt es noch keine Beschreibung.,Fir dësen Artikel gëtt et nach keng Beschreiwung.,Il n'y a pas encore de description pour cet article.,
i18n:produkt.passt,Passt dazu,Passt dozou,À associer,
i18n:produkt.mehrVon,Mehr von {marke},Méi vun {marke},Plus de {marke},
i18n:produkt.galerie,Fotos,Fotoen,Photos,
i18n:produkt.ansicht,Ansicht {i} von {n},Usiicht {i} vun {n},Vue {i} sur {n},
i18n:produkt.fotoZurueck,Vorheriges Foto,Viregt Foto,Photo précédente,
i18n:produkt.fotoWeiter,Nächstes Foto,Nächst Foto,Photo suivante,
i18n:produkt.alt,"{marke} {name} in {farbe}, Ansicht {i} von {n}","{marke} {name} a(n) {farbe}, Usiicht {i} vun {n}","{marke} {name} en {farbe}, vue {i} sur {n}",
i18n:produkt.offline,Dieser Artikel ist nicht mehr online. Fragen Sie im Laden nach: {telefone}.,Dësen Artikel ass net méi online. Frot am Buttek no: {telefone}.,Cet article n'est plus en ligne. Renseignez-vous en boutique : {telefone}.,
i18n:produkt.aehnlich,Ähnliche Artikel,Ähnlech Artikelen,Articles similaires,
i18n:produkt.vorraetigBei,Vorrätig bei {liste}.,Op Lager bei {liste}.,Disponible chez {liste}.,
i18n:produkt.vorraetigNirgends,Gerade in keinem Haus vorrätig.,Grad an kengem Haus op Lager.,Actuellement en stock dans aucune maison.,
i18n:groesse.waehlen,Größe wählen,Gréisst wielen,Choisir la taille,
i18n:groesse.stand,Stand: {zeit} Uhr,Stand: {zeit} Auer,Mis à jour à {zeit},
i18n:groesse.standHeute,"Stand: heute, {zeit} Uhr","Stand: haut, {zeit} Auer",Mis à jour aujourd'hui à {zeit},
i18n:groesse.standTag,"Stand: {datum}, {zeit} Uhr","Stand: {datum}, {zeit} Auer",Mis à jour le {datum} à {zeit},
i18n:groesse.da_one,{n} Stück da,{n} Stéck do,{n} pièce disponible,
i18n:groesse.da_other,{n} Stück da,{n} Stéck do,{n} pièces disponibles,
i18n:groesse.letztes,letztes Stück,lescht Stéck,dernière pièce,
i18n:groesse.nicht,nicht vorrätig,net op Lager,pas en stock,
i18n:groesse.zelle,"{groesse}, {haus}, {zustand}","{groesse}, {haus}, {zustand}","{groesse}, {haus}, {zustand}",
i18n:groesse.zusammenfassung_one,"Größe {g} bei {haus}, Grand-Rue {nr}: noch {n} Stück.","Gréisst {g} bei {haus}, Grand-Rue {nr}: nach {n} Stéck.","Taille {g} chez {haus}, {nr} Grand-Rue : encore {n} pièce.",
i18n:groesse.zusammenfassung_other,"Größe {g} bei {haus}, Grand-Rue {nr}: noch {n} Stück.","Gréisst {g} bei {haus}, Grand-Rue {nr}: nach {n} Stéck.","Taille {g} chez {haus}, {nr} Grand-Rue : encore {n} pièces.",
i18n:groesse.zusammenfassungTu_one,"Bei {haus}, Grand-Rue {nr}: noch {n} Stück.","Bei {haus}, Grand-Rue {nr}: nach {n} Stéck.","Chez {haus}, {nr} Grand-Rue : encore {n} pièce.",
i18n:groesse.zusammenfassungTu_other,"Bei {haus}, Grand-Rue {nr}: noch {n} Stück.","Bei {haus}, Grand-Rue {nr}: nach {n} Stéck.","Chez {haus}, {nr} Grand-Rue : encore {n} pièces.",
i18n:groesse.liveAus,Live-Bestand gerade nicht erreichbar. {stand}.,Live-Stock grad net erreechbar. {stand}.,Stock en direct momentanément indisponible. {stand}.,
i18n:groesse.aktualisiert,Bestand aktualisiert.,Stock aktualiséiert.,Stock mis à jour.,
i18n:groesse.nirgends,Gerade in keinem Haus vorrätig.,Grad an kengem Haus op Lager.,Actuellement en stock dans aucune maison.,
i18n:groesse.nachlieferung,Nachlieferung erwartet ab {datum}.,Nei Liwwerung erwaart ab dem {datum}.,Réassort attendu à partir du {datum}.,
i18n:groesse.nachfragen,Im Laden nachfragen,Am Buttek nofroen,Se renseigner en boutique,
i18n:groesse.keineAuswahl,Wählen Sie eine Größe und ein Haus.,Wielt eng Gréisst an en Haus.,Choisissez une taille et une maison.,
i18n:groesse.auchBei,Auch bei {haus} vorrätig: {groessen},Och bei {haus} op Lager: {groessen},Aussi en stock chez {haus} : {groessen},
i18n:groesse.auchBeiNicht,Bei {haus} gerade nicht vorrätig.,Bei {haus} grad net op Lager.,Pas en stock chez {haus} en ce moment.,
i18n:groesse.auchBeiZeigen,Größen bei {haus} zeigen,Gréisste bei {haus} weisen,Afficher les tailles chez {haus},
i18n:groesse.nurBei,Nur bei {haus},Nëmme bei {haus},Uniquement chez {haus},
i18n:groesse.weite,Weite,Wäit,Tour de taille,
i18n:groesse.laenge,Länge,Längt,Longueur,
i18n:groesse.matrix,Größen bei {haus}: Weite und Länge,Gréisste bei {haus}: Wäit a Längt,Tailles chez {haus} : tour de taille et longueur,
i18n:groesse.matrixHaus,Haus für die Größentabelle,Haus fir d'Gréissttabell,Maison pour le tableau des tailles,
i18n:groesse.tu_one,Bei {haus}: {n} Stück da,Bei {haus}: {n} Stéck do,Chez {haus} : {n} pièce disponible,
i18n:groesse.tu_other,Bei {haus}: {n} Stück da,Bei {haus}: {n} Stéck do,Chez {haus} : {n} pièces disponibles,
i18n:groesse.tuNicht,Bei {haus}: nicht vorrätig,Bei {haus}: net op Lager,Chez {haus} : pas en stock,
i18n:groesse.einheitsgroesse,Einheitsgröße,Eenheetsgréisst,Taille unique,
i18n:groesse.ohneJs,Zum Reservieren rufen Sie an: {telefone}.,"Fir ze reservéieren, rufft eis un: {telefone}.","Pour réserver, appelez-nous : {telefone}.",
i18n:groesse.maxBestand,Mehr sind gerade nicht da.,Méi sinn der grad net do.,Il n'y en a pas davantage en stock.,
i18n:btn.tasche,In den Warenkorb,An den Akafskuerf,Ajouter au panier,
i18n:btn.reservieren,Reservieren und im Laden anprobieren,Reservéieren an am Buttek uprobéieren,Réserver et essayer en boutique,
i18n:wege.reserve,Reservieren ist kostenlos. Wir legen den Artikel {n} Werktage für Sie zurück.,Reservéieren ass gratis. Mir leeën den Artikel {n} Aarbechtsdeeg fir Iech zréck.,La réservation est gratuite. Nous gardons l'article pour vous {n} jours ouvrables.,
i18n:wege.collect,Online bezahlt holen Sie ab dem nächsten Öffnungstag im Haus ab.,"Online bezuelt, huelt Dir ab dem nächsten Ëffnungsdag am Haus of.","Payé en ligne, l'article se retire en boutique dès le jour d'ouverture suivant.",
i18n:wege.ship,Lieferung innerhalb Luxemburgs in {n} Werktagen.,Liwwerung bannent Lëtzebuerg an {n} Aarbechtsdeeg.,Livraison au Luxembourg en {n} jours ouvrables.,
i18n:tasche.h1,Warenkorb,Akafskuerf,Panier,
i18n:tasche.status,Im Warenkorb.,Am Akafskuerf.,Dans le panier.,
i18n:tasche.zur,Zum Warenkorb,Bei den Akafskuerf,Voir le panier,
i18n:tasche.leer,Ihr Warenkorb ist leer.,Ären Akafskuerf ass eidel.,Votre panier est vide.,
i18n:tasche.ausHaus,"Aus dem Haus {haus}, Grand-Rue {nr}","Aus dem Haus {haus}, Grand-Rue {nr}","De la maison {haus}, {nr} Grand-Rue",
i18n:tasche.groesse,Größe {g},Gréisst {g},Taille {g},
i18n:tasche.farbe,Farbe {f},Faarf {f},Couleur {f},
i18n:tasche.menge,Menge,Unzuel,Quantité,
i18n:tasche.mengeVon,Menge für {name},Unzuel fir {name},Quantité pour {name},
i18n:tasche.entfernen,Entfernen,Ewechhuelen,Retirer,
i18n:tasche.entfernenSr,{name} aus dem Warenkorb entfernen,{name} aus dem Akafskuerf ewechhuelen,Retirer {name} du panier,
i18n:tasche.entfernt,{name} wurde aus dem Warenkorb entfernt.,{name} gouf aus dem Akafskuerf ewechgeholl.,{name} a été retiré du panier.,
i18n:tasche.wie,Wie möchten Sie es bekommen?,Wéi wëllt Dir et kréien?,Comment souhaitez-vous le recevoir ?,
i18n:tasche.wegReserve,Reservieren und im Laden anprobieren,Reservéieren an am Buttek uprobéieren,Réserver et essayer en boutique,
i18n:tasche.wegReserveText,"Kostenlos, bezahlt wird im Laden.","Gratis, bezuelt gëtt am Buttek.","Gratuit, le paiement se fait en boutique.",
i18n:tasche.wegCollect,Online bezahlen und im Haus abholen,Online bezuelen an am Haus ofhuelen,Payer en ligne et retirer en boutique,
i18n:tasche.wegCollectText,"Ab dem nächsten Öffnungstag im Haus, in dem der Artikel liegt.","Ab dem nächsten Ëffnungsdag an deem Haus, wou den Artikel läit.","Dès le jour d'ouverture suivant, dans la maison où se trouve l'article.",
i18n:tasche.wegShip,Online bezahlen und liefern lassen,Online bezuelen a liwwere loossen,Payer en ligne et se faire livrer,
i18n:tasche.wegShipText,Innerhalb Luxemburgs.,Bannent Lëtzebuerg.,Au Luxembourg.,
i18n:tasche.zweiHaeuser,Ihr Warenkorb enthält Artikel aus zwei Häusern. Sie bezahlen bei jedem Haus separat.,Ären Akafskuerf huet Artikelen aus zwee Haiser. Dir bezuelt bei all Haus separat.,Votre panier contient des articles de deux maisons. Vous payez chaque maison séparément.,
i18n:tasche.weiterReservieren,Weiter zur Reservierung,Weider bei d'Reservatioun,Continuer vers la réservation,
i18n:tasche.bezahlenBei_one,"Bei {haus} bezahlen ({n} Artikel, {summe})","Bei {haus} bezuelen ({n} Artikel, {summe})","Payer chez {haus} ({n} article, {summe})",
i18n:tasche.bezahlenBei_other,"Bei {haus} bezahlen ({n} Artikel, {summe})","Bei {haus} bezuelen ({n} Artikelen, {summe})","Payer chez {haus} ({n} articles, {summe})",
i18n:tasche.zwischensumme,Zwischensumme,Zwëschesumm,Sous-total,
i18n:tasche.ohneJs,Der Warenkorb braucht JavaScript. Rufen Sie uns an: {telefone}.,Den Akafskuerf brauch JavaScript. Rufft eis un: {telefone}.,Le panier nécessite JavaScript. Appelez-nous : {telefone}.,
i18n:tasche.angepasst,Die Menge von {name} wurde an den Bestand angepasst.,D'Unzuel vu(n) {name} gouf un de Stock ugepasst.,La quantité de {name} a été adaptée au stock.,
i18n:tasche.nichtMehrDa,{g} ist bei {haus} gerade nicht mehr da.,{g} ass bei {haus} grad net méi do.,La taille {g} n'est plus disponible chez {haus}.,
i18n:tasche.nichtMehrDaAlt_one,{g} ist bei {haus} gerade nicht mehr da. Bei {anders}: {n} Stück.,{g} ass bei {haus} grad net méi do. Bei {anders}: {n} Stéck.,La taille {g} n'est plus disponible chez {haus}. Chez {anders} : {n} pièce.,
i18n:tasche.nichtMehrDaAlt_other,{g} ist bei {haus} gerade nicht mehr da. Bei {anders}: {n} Stück.,{g} ass bei {haus} grad net méi do. Bei {anders}: {n} Stéck.,La taille {g} n'est plus disponible chez {haus}. Chez {anders} : {n} pièces.,
i18n:tasche.preisNeu,"Der Preis hat sich geändert, jetzt {preis}.","De Präis huet geännert, elo {preis}.","Le prix a changé, il est maintenant de {preis}.",
i18n:tasche.max,Höchstens {n} Stück je Artikel.,Héchstens {n} Stéck pro Artikel.,Au maximum {n} pièces par article.,
i18n:tasche.knapp_one,Nur noch 1 Stück verfügbar,Nach just 1 Stéck do,Plus qu'une pièce disponible,
i18n:tasche.knapp_other,Nur noch {n} Stück verfügbar,Nach just {n} Stéck do,Plus que {n} pièces disponibles,
i18n:tasche.miniTitel,In den Warenkorb gelegt,An den Akafskuerf geluecht,Ajouté au panier,
i18n:tasche.weiterEinkaufen,Weiter einkaufen,Weider akafen,Continuer mes achats,
i18n:tasche.miniAnzahl_one,{n} Artikel in Ihrem Warenkorb,{n} Artikel an Ärem Akafskuerf,{n} article dans votre panier,
i18n:tasche.miniAnzahl_other,{n} Artikel in Ihrem Warenkorb,{n} Artikelen an Ärem Akafskuerf,{n} articles dans votre panier,
i18n:tasche.bei,"Bei {haus}, Grand-Rue {nr}","Bei {haus}, Grand-Rue {nr}","Chez {haus}, {nr} Grand-Rue",
i18n:form.vorname,Vorname,Virnumm,Prénom,
i18n:form.name,Name,Numm,Nom,
i18n:form.email,E-Mail,E-Mail,E-mail,
i18n:form.emailHinweis,Dorthin schicken wir die Bestätigung.,Do schécke mir d'Bestätegung hin.,Nous y envoyons la confirmation.,
i18n:form.mobil,Mobilnummer,GSM-Nummer,Numéro de portable,
i18n:form.mobilHinweis,"Falls etwas nicht klappt, rufen wir Sie an.","Wann eppes net klappt, ruffe mir Iech un.","Si quelque chose ne va pas, nous vous appelons.",
i18n:form.telefon,Telefon,Telefon,Téléphone,
i18n:form.abholung,Abholung ab,Ofhuelen ab,Retrait à partir du,
i18n:form.abholungBei,Abholung bei {haus} ab,Ofhuelen bei {haus} ab,Retrait chez {haus} à partir du,
i18n:form.bemerkung,Bemerkung,Bemierkung,Remarque,
i18n:form.bemerkungHinweis,Zum Beispiel: Ich möchte auch die Größe darüber anprobieren.,Zum Beispill: Ech wéilt och d'Gréisst driwwer uprobéieren.,Par exemple : je voudrais aussi essayer la taille au-dessus.,
i18n:form.nachricht,Nachricht,Message,Message,
i18n:form.einwilligungReserve,"Ich bin einverstanden, dass {haeuser} meine Angaben für diese Reservierung verwenden und dafür im Kassensystem speichern. Mehr dazu in der {link}.","Ech sinn domat d'accord, datt {haeuser} meng Donnéeë fir dës Reservatioun benotzen an dofir am Keessesystem späicheren. Méi dozou an der {link}.",J'accepte que {haeuser} utilisent mes données pour cette réservation et les enregistrent à cet effet dans leur système de caisse. Plus d'informations dans la {link}.,
i18n:form.einwilligungAnfrage,"Ich bin einverstanden, dass {haeuser} meine Angaben für diese Anfrage verwenden. Mehr dazu in der {link}.","Ech sinn domat d'accord, datt {haeuser} meng Donnéeë fir dës Ufro benotzen. Méi dozou an der {link}.",J'accepte que {haeuser} utilisent mes données pour cette demande. Plus d'informations dans la {link}.,
i18n:form.datenschutzLink,Datenschutzerklärung,Dateschutzerklärung,déclaration de protection des données,
i18n:form.fehlerTitel,Diese Angaben fehlen oder stimmen nicht:,Dës Donnéeë feelen oder stëmmen net:,Ces informations manquent ou ne sont pas correctes :,
i18n:form.fehlerVorname,Geben Sie Ihren Vornamen an.,Gitt Äre Virnumm un.,Indiquez votre prénom.,
i18n:form.fehlerName,Geben Sie Ihren Namen an.,Gitt Äre Numm un.,Indiquez votre nom.,
i18n:form.fehlerEmail,"Geben Sie Ihre E-Mail-Adresse an, zum Beispiel name@beispiel.lu.","Gitt Är E-Mail-Adress un, zum Beispill numm@beispill.lu.","Indiquez votre adresse e-mail, par exemple nom@exemple.lu.",
i18n:form.fehlerMobil,"Geben Sie eine Mobilnummer an, zum Beispiel 621 123 456.","Gitt eng GSM-Nummer un, zum Beispill 621 123 456.","Indiquez un numéro de portable, par exemple 621 123 456.",
i18n:form.fehlerTelefon,"Geben Sie eine Telefonnummer an, zum Beispiel 621 123 456.","Gitt eng Telefonsnummer un, zum Beispill 621 123 456.","Indiquez un numéro de téléphone, par exemple 621 123 456.",
i18n:form.fehlerDatum,Wählen Sie ein Datum ab {datum}. An Sonn- und Feiertagen ist geschlossen.,Wielt en Datum ab dem {datum}. Sonndes an op Feierdeeg ass zou.,Choisissez une date à partir du {datum}. Fermé les dimanches et jours fériés.,
i18n:form.fehlerEinwilligung,"Bestätigen Sie, dass wir Ihre Angaben dafür verwenden dürfen.","Bestätegt, datt mir Är Donnéeë dofir benotze dierfen.",Confirmez que nous pouvons utiliser vos données à cet effet.,
i18n:form.fehlerNachricht,Schreiben Sie Ihre Nachricht.,Schreift Äre Message.,Écrivez votre message.,
i18n:form.fehlerKontaktweg,"Geben Sie eine E-Mail-Adresse oder eine Telefonnummer an, damit wir antworten können.","Gitt eng E-Mail-Adress oder eng Telefonsnummer un, fir datt mir äntwerte kënnen.",Indiquez une adresse e-mail ou un numéro de téléphone pour que nous puissions vous répondre.,
i18n:form.fehlerHaus,Wählen Sie ein Haus.,Wielt en Haus.,Choisissez une maison.,
i18n:form.fehlerAllgemein,Das hat nicht geklappt. Versuchen Sie es noch einmal oder rufen Sie an: {telefone}.,Dat huet net geklappt. Probéiert et nach eng Kéier oder rufft un: {telefone}.,Cela n'a pas fonctionné. Réessayez ou appelez-nous : {telefone}.,
i18n:form.fehlerZuViele,Zu viele Anfragen in kurzer Zeit. Versuchen Sie es in einigen Minuten noch einmal.,Ze vill Ufroen a kuerzer Zäit. Probéiert et an e puer Minutten nach eng Kéier.,Trop de demandes en peu de temps. Réessayez dans quelques minutes.,
i18n:form.fehlerBestand,Ein Artikel ist inzwischen nicht mehr da. Prüfen Sie die Hinweise bei den Artikeln.,En Artikel ass an der Tëschenzäit net méi do. Kuckt d'Hiweiser bei den Artikelen.,Un article n'est plus disponible. Vérifiez les indications près des articles.,
i18n:form.fehlerPreis,Ein Preis hat sich geändert. Prüfen Sie die Zusammenfassung.,E Präis huet geännert. Kuckt de Resumé.,Un prix a changé. Vérifiez le récapitulatif.,
i18n:form.fehlerTasche,Ihr Warenkorb ist leer oder enthält nichts aus diesem Haus.,Ären Akafskuerf ass eidel oder huet näischt aus dësem Haus.,Votre panier est vide ou ne contient rien de cette maison.,
i18n:form.honeypot,Dieses Feld bitte leer lassen,Dëst Feld w.e.g. eidel loossen,Laissez ce champ vide,
i18n:form.fehlerOhneJs,Diese Angaben fehlen oder stimmen nicht. Prüfen Sie die Pflichtfelder und senden Sie das Formular noch einmal.,Dës Donnéeë feelen oder stëmmen net. Kuckt d'Pflichtfelder no a schéckt de Formulaire nach eng Kéier.,Ces informations manquent ou ne sont pas correctes. Vérifiez les champs obligatoires et envoyez à nouveau le formulaire.,
i18n:form.pflichtHinweis,Felder ohne den Zusatz „freiwillig“ brauchen wir.,Felder ouni de Vermierk „fräiwëlleg“ brauche mir.,Les champs sans la mention « facultatif » sont nécessaires.,
i18n:reservieren.h1,Reservieren,Reservéieren,Réserver,
i18n:reservieren.intro,"Die Reservierung ist kostenlos. Das Haus legt die Artikel für Sie zurück, anprobiert und bezahlt wird im Laden.","D'Reservatioun ass gratis. D'Haus leet d'Artikele fir Iech zréck, uprobéiert a bezuelt gëtt am Buttek.","La réservation est gratuite. La maison garde les articles pour vous ; vous essayez et payez en boutique.",
i18n:reservieren.zusammenfassung,Ihre Reservierung,Är Reservatioun,Votre réservation,
i18n:reservieren.kontaktH2,Ihre Angaben,Är Donnéeën,Vos coordonnées,
i18n:reservieren.abholungH2,Wann kommen Sie?,Wéini kommt Dir?,Quand passez-vous ?,
i18n:reservieren.zeitenVon,Öffnungszeiten {haus},Ëffnungszäite vu(n) {haus},Horaires de {haus},
i18n:reservieren.senden,Reservierung senden,Reservatioun schécken,Envoyer la réservation,
i18n:reservieren.leer,Es gibt nichts zu reservieren. Wählen Sie zuerst auf einer Produktseite eine Größe.,Et gëtt näischt ze reservéieren. Wielt fir d'éischt op enger Produitsäit eng Gréisst.,Il n'y a rien à réserver. Choisissez d'abord une taille sur la page d'un produit.,
i18n:reservieren.ohneJs,Zum Reservieren braucht diese Seite JavaScript. Rufen Sie uns an: {telefone}.,Fir ze reservéieren brauch dës Säit JavaScript. Rufft eis un: {telefone}.,Cette page nécessite JavaScript pour réserver. Appelez-nous : {telefone}.,
i18n:kasse.h1,Kasse,Keess,Commande,
i18n:kasse.bei,Bestellung bei {firma},Bestellung bei {firma},Commande chez {firma},
i18n:kasse.fuer,"{haus}, Grand-Rue {nr}","{haus}, Grand-Rue {nr}","{haus}, {nr} Grand-Rue",
i18n:kasse.kontaktH2,Kontakt,Kontakt,Contact,
i18n:kasse.abholungH2,Abholung,Ofhuelen,Retrait,
i18n:kasse.abholungText,"Sie holen bei {haus}, Grand-Rue {nr}, ab.","Dir huelt bei {haus}, Grand-Rue {nr}, of.","Vous retirez votre commande chez {haus}, {nr} Grand-Rue.",
i18n:kasse.lieferungH2,Lieferadresse,Liwweradress,Adresse de livraison,
i18n:kasse.strasse,Straße und Hausnummer,Strooss an Hausnummer,Rue et numéro,
i18n:kasse.zusatz,Adresszusatz,Adresszousaz,Complément d'adresse,
i18n:kasse.plz,Postleitzahl,Postleitzuel,Code postal,
i18n:kasse.ort,Ort,Uertschaft,Localité,
i18n:kasse.land,Land,Land,Pays,
i18n:kasse.rechnungGleich,Rechnungsadresse ist die Lieferadresse,D'Rechnungsadress ass d'Liwweradress,L'adresse de facturation est l'adresse de livraison,
i18n:kasse.rechnungH2,Rechnungsadresse,Rechnungsadress,Adresse de facturation,
i18n:kasse.zusammenfassung,Zusammenfassung,Resumé,Récapitulatif,
i18n:kasse.zwischensumme,Zwischensumme,Zwëschesumm,Sous-total,
i18n:kasse.versand,Versand,Versand,Livraison,
i18n:kasse.gesamt,Gesamt inkl. MwSt.,Total inkl. TVA,Total TVA incluse,
i18n:kasse.rechtliches,"Es gelten die {agb} und die {widerruf} von {firma}. Wie wir Ihre Daten verwenden, steht in der {datenschutz}.","Et gëllen d'{agb} an d'{widerruf} vu(n) {firma}. Wéi mir Är Donnéeë benotzen, steet an der {datenschutz}.",Les {agb} et les {widerruf} de {firma} s'appliquent. La façon dont nous utilisons vos données est décrite dans la {datenschutz}.,
i18n:kasse.agbLink,AGB,AGB,CGV,
i18n:kasse.widerrufLink,Widerrufsbelehrung,Widderruffsbeléierung,informations sur la rétractation,
i18n:kasse.datenschutzLink,Datenschutzerklärung,Dateschutzerklärung,déclaration de protection des données,
i18n:kasse.gutschein,Gutscheine lösen Sie im Laden ein.,Kaddosbonge léist Dir am Buttek an.,Les chèques-cadeaux s'utilisent en boutique.,
i18n:kasse.bestellen,Zahlungspflichtig bestellen,Bezuelflichteg bestellen,Commander avec obligation de paiement,
i18n:kasse.weiter,Danach geht es weiter zum Zahlungsanbieter.,Duerno geet et weider bei de Bezuelservice.,Vous passez ensuite au prestataire de paiement.,
i18n:kasse.zahlarten,Zahlungsarten: {liste}.,Bezuelméiglechkeeten: {liste}.,Moyens de paiement : {liste}.,
i18n:kasse.fehlerStrasse,Geben Sie Straße und Hausnummer an.,Gitt Strooss an Hausnummer un.,Indiquez la rue et le numéro.,
i18n:kasse.fehlerPlz,"Geben Sie eine Postleitzahl an, zum Beispiel L-9050.","Gitt eng Postleitzuel un, zum Beispill L-9050.","Indiquez un code postal, par exemple L-9050.",
i18n:kasse.fehlerOrt,Geben Sie den Ort an.,Gitt d'Uertschaft un.,Indiquez la localité.,
i18n:kasse.fehlerRStrasse,Geben Sie Straße und Hausnummer der Rechnungsadresse an.,Gitt Strooss an Hausnummer vun der Rechnungsadress un.,Indiquez la rue et le numéro de l'adresse de facturation.,
i18n:kasse.fehlerRPlz,"Geben Sie die Postleitzahl der Rechnungsadresse an, zum Beispiel L-9050.","Gitt d'Postleitzuel vun der Rechnungsadress un, zum Beispill L-9050.","Indiquez le code postal de l'adresse de facturation, par exemple L-9050.",
i18n:kasse.fehlerROrt,Geben Sie den Ort der Rechnungsadresse an.,Gitt d'Uertschaft vun der Rechnungsadress un.,Indiquez la localité de l'adresse de facturation.,
i18n:kasse.fehlerLand,"Wählen Sie ein Land, in das wir liefern.","Wielt e Land, an dat mir liwweren.",Choisissez un pays dans lequel nous livrons.,
i18n:kasse.danach,Danach bezahlen Sie bei {haus}.,Duerno bezuelt Dir bei {haus}.,"Ensuite, vous payez chez {haus}.",
i18n:kasse.ohneJs,Die Kasse braucht JavaScript. Rufen Sie uns an: {telefone}.,D'Keess brauch JavaScript. Rufft eis un: {telefone}.,La commande nécessite JavaScript. Appelez-nous : {telefone}.,
i18n:danke.resH1,Ihre Reservierung ist angekommen.,Är Reservatioun ass ukomm.,Votre réservation est bien arrivée.,
i18n:danke.resHaus,"Bei {haus}, Grand-Rue {hausnr}: {positionen}. Reservierungsnummer {resnr}. Liegt ab {von} für Sie bereit, bis {bis}.","Bei {haus}, Grand-Rue {hausnr}: {positionen}. Reservatiounsnummer {resnr}. Läit ab dem {von} fir Iech prett, bis den {bis}.","Chez {haus}, {hausnr} Grand-Rue : {positionen}. Numéro de réservation {resnr}. Prête pour vous à partir du {von}, jusqu'au {bis}.",
i18n:danke.resHausOhneNr,"Bei {haus}, Grand-Rue {hausnr}: {positionen}. Liegt ab {von} für Sie bereit, bis {bis}.","Bei {haus}, Grand-Rue {hausnr}: {positionen}. Läit ab dem {von} fir Iech prett, bis den {bis}.","Chez {haus}, {hausnr} Grand-Rue : {positionen}. Prête pour vous à partir du {von}, jusqu'au {bis}.",
i18n:danke.resMail,Eine Bestätigung ist unterwegs an {email}.,Eng Bestätegung ass ënnerwee un {email}.,Une confirmation est en route vers {email}.,
i18n:danke.resAusstehend,Ihre Reservierung ist bei uns angekommen. Das Haus bestätigt sie Ihnen per E-Mail.,Är Reservatioun ass bei eis ukomm. D'Haus bestätegt se Iech per E-Mail.,Votre réservation nous est bien parvenue. La maison vous la confirme par e-mail.,
i18n:danke.kaufH1Neutral,Ihre Bestellung,Är Bestellung,Votre commande,
i18n:danke.kaufH1,"Danke, Ihre Bestellung ist bezahlt.","Merci, Är Bestellung ass bezuelt.","Merci, votre commande est payée.",
i18n:danke.kaufAbholen,"Sie können sie ab {datum} bei {haus}, Grand-Rue {hausnr}, abholen. Bringen Sie die Bestellnummer {bestellnr} mit.","Dir kënnt se ab dem {datum} bei {haus}, Grand-Rue {hausnr}, ofhuelen. Bréngt d'Bestellnummer {bestellnr} mat.","Vous pouvez la retirer à partir du {datum} chez {haus}, {hausnr} Grand-Rue. Munissez-vous du numéro de commande {bestellnr}.",
i18n:danke.kaufLiefern,"Wir schicken sie an {adresse}. Sie bekommen eine Mail, sobald das Paket unterwegs ist.","Mir schécken se un {adresse}. Dir kritt eng Mail, soubal de Pak ënnerwee ass.",Nous l'envoyons à {adresse}. Vous recevez un e-mail dès que le colis est en route.,
i18n:danke.kaufWartet,Die Zahlung wird noch bestätigt. Das dauert meist nur ein paar Sekunden.,D'Bezuelung gëtt nach bestätegt. Dat dauert meeschtens nëmmen e puer Sekonnen.,Le paiement est en cours de confirmation. Cela ne prend généralement que quelques secondes.,
i18n:danke.kaufWartetLange,"Die Bestätigung dauert länger als üblich. Sie bekommen eine Mail, sobald die Zahlung angekommen ist.","D'Bestätegung dauert méi laang wéi soss. Dir kritt eng Mail, soubal d'Bezuelung ukomm ass.",La confirmation prend plus de temps que d'habitude. Vous recevrez un e-mail dès que le paiement sera arrivé.,
i18n:danke.kaufFehlgeschlagen,Die Zahlung wurde nicht abgeschlossen. Ihr Warenkorb ist noch da.,D'Bezuelung gouf net ofgeschloss. Ären Akafskuerf ass nach do.,Le paiement n'a pas abouti. Votre panier est toujours là.,
i18n:danke.kaufNachpruefen,"Ihre Zahlung ist angekommen, aber ein Artikel war inzwischen nicht mehr verfügbar. Wir melden uns innerhalb eines Werktags. Ist der Artikel nicht verfügbar, erstatten wir den vollen Betrag.","Är Bezuelung ass ukomm, mee en Artikel war an der Tëschenzäit net méi disponibel. Mir mellen eis bannent engem Aarbechtsdag. Ass den Artikel net disponibel, gi mir de ganze Betrag zréck.","Votre paiement est arrivé, mais un article n'était entre-temps plus disponible. Nous vous contactons dans un délai d'un jour ouvrable. Si l'article n'est pas disponible, nous remboursons l'intégralité du montant.",
i18n:danke.weiterBezahlen,Jetzt bei {haus} bezahlen,Elo bei {haus} bezuelen,Payer maintenant chez {haus},
i18n:danke.nichtGefunden,Diese Bestellung finden wir nicht. Rufen Sie an: {telefone}.,Dës Bestellung fanne mir net. Rufft un: {telefone}.,Nous ne trouvons pas cette commande. Appelez-nous : {telefone}.,
i18n:danke.anfrageH1,Ihre Nachricht ist angekommen.,Äre Message ass ukomm.,Votre message est bien arrivé.,
i18n:danke.anfrageText,"Wir antworten {antwortzeit}. Eilt es, rufen Sie an: {telefone}.","Mir äntweren {antwortzeit}. Wann et presséiert, rufft un: {telefone}.","Nous vous répondons {antwortzeit}. Si c'est urgent, appelez-nous : {telefone}.",
i18n:danke.zurTasche,Zum Warenkorb,Bei den Akafskuerf,Voir le panier,
i18n:danke.weiterStoebern,Weiter im Sortiment,Weider am Sortiment,Continuer dans la collection,
i18n:demozahlung.h1,Demo-Zahlung,Demo-Bezuelung,Paiement de démo,
i18n:demozahlung.text,"Hier würde der Zahlungsanbieter die Zahlung abwickeln. In der Demo wählen Sie selbst, was passiert.","Hei géif de Bezuelservice d'Bezuelung ofwéckelen. An der Demo wielt Dir selwer, wat geschitt.","Ici, le prestataire de paiement traiterait le paiement. Dans la démo, vous choisissez vous-même ce qui se passe.",
i18n:demozahlung.betrag,{betrag} an {firma},{betrag} un {firma},{betrag} à {firma},
i18n:demozahlung.erfolg,Zahlung erfolgreich simulieren,Erfollegräich Bezuelung simuléieren,Simuler un paiement réussi,
i18n:demozahlung.verkauft,"Zahlung erfolgreich, aber Artikel inzwischen im Laden verkauft","Bezuelung erfollegräich, mee den Artikel ass an der Tëschenzäit am Buttek verkaaft","Paiement réussi, mais l'article a été vendu en boutique entre-temps",
i18n:demozahlung.fehler,Zahlung fehlschlagen lassen,Bezuelung feele loossen,Faire échouer le paiement,
i18n:demozahlung.abbrechen,Abbrechen,Ofbriechen,Annuler,
i18n:demopost.h1,Demo-Postausgang,Demo-Postausgang,Courrier de démo,
i18n:demopost.intro,"Hier sehen Sie die Mails, die die Website verschicken würde: für die Reservierungen, Bestellungen und Anfragen aus diesem Browser. In der Demo wird nichts verschickt.","Hei gesitt Dir d'Mailen, déi d'Websäit verschécke géif: fir d'Reservatiounen, Bestellungen an Ufroen aus dësem Browser. An der Demo gëtt näischt verschéckt.","Vous voyez ici les e-mails que le site enverrait pour les réservations, commandes et demandes faites depuis ce navigateur. Dans la démo, rien n'est envoyé.",
i18n:demopost.leer,"Noch keine Mails. Reservieren, bestellen oder schreiben Sie etwas.","Nach keng Mailen. Reservéiert, bestellt oder schreift eis eppes.","Pas encore d'e-mails. Réservez, commandez ou écrivez-nous.",
i18n:demopost.an,An,Un,À,
i18n:demopost.betreff,Betreff,Betreff,Objet,
i18n:demopost.zeit,Zeit,Zäit,Heure,
i18n:demopost.fehler,Der Postausgang ist gerade nicht erreichbar.,De Postausgang ass grad net erreechbar.,Le courrier de démo n'est pas accessible en ce moment.,
i18n:kontakt.h1,Kontakt,Kontakt,Contact,
i18n:kontakt.intro,"Rufen Sie an, kommen Sie vorbei oder schreiben Sie uns.","Rufft un, kommt laanscht oder schreift eis.","Appelez-nous, passez nous voir ou écrivez-nous.",
i18n:kontakt.formH2,Schreiben Sie uns,Schreift eis,Écrivez-nous,
i18n:kontakt.haus,An welches Haus?,Un wéi een Haus?,À quelle maison ?,
i18n:kontakt.egal,egal,egal,peu importe,
i18n:kontakt.senden,Nachricht senden,Message schécken,Envoyer le message,
i18n:gutschein.h1,Gutscheine,Kaddosbongen,Chèques-cadeaux,
i18n:gutschein.text,"Ein Gutschein, zwei Häuser: Der Gutschein gilt bei Confection Lanners und bei Jager-Oberlinkels. Sie bekommen ihn ab 20 € auf Letzshop. Eingelöst wird er im Laden.","E Kaddosbong, zwee Haiser: De Bong gëllt bei Confection Lanners a bei Jager-Oberlinkels. Dir kritt en ab 20 € op Letzshop. Ageléist gëtt en am Buttek.","Un chèque-cadeau, deux maisons : il est valable chez Confection Lanners et chez Jager-Oberlinkels. Vous le trouvez dès 20 € sur Letzshop. Il s'utilise en boutique.",
i18n:gutschein.auchImLaden,Auch im Laden erhältlich:,Och am Buttek ze kréien:,Également en vente en boutique :,
i18n:gutschein.btn,Gutschein auf Letzshop kaufen,Kaddosbong op Letzshop kafen,Acheter le chèque-cadeau sur Letzshop,
i18n:gutschein.hinweis,Der Gutschein gilt in beiden Häusern.,De Kaddosbong gëllt a béiden Haiser.,Le chèque-cadeau est valable dans les deux maisons.,
i18n:suche.h1,Suche,Sichen,Recherche,
i18n:suche.label,Wonach suchen Sie?,Wat sicht Dir?,Que cherchez-vous ?,
i18n:suche.beispiel,"Zum Beispiel: Barbour, Polo, Hut","Zum Beispill: Barbour, Polo, Hutt","Par exemple : Barbour, polo, chapeau",
i18n:suche.btn,Suchen,Sichen,Rechercher,
i18n:suche.leer,Zu „{q}“ haben wir nichts gefunden.,Fir „{q}“ hu mir näischt fonnt.,Nous n'avons rien trouvé pour « {q} ».,
i18n:suche.treffer_one,{n} Treffer,{n} Resultat,{n} résultat,
i18n:suche.treffer_other,{n} Treffer,{n} Resultater,{n} résultats,
i18n:suche.ohneJs,Die Suche braucht JavaScript. Sehen Sie sich das Sortiment an:,D'Sich brauch JavaScript. Kuckt Iech d'Sortiment un:,La recherche nécessite JavaScript. Découvrez la collection :,
i18n:suche.fehler,Die Suche ist gerade nicht verfügbar.,D'Sich ass grad net disponibel.,La recherche n'est pas disponible en ce moment.,
i18n:suche.gruppeArtikel,Artikel,Artikelen,Articles,
i18n:suche.gruppeSeiten,Infos und Service,Infoen a Service,Infos et services,
i18n:suche.laedt,Die Suche wird vorbereitet …,D'Sich gëtt virbereet …,Préparation de la recherche …,
i18n:f404.h1,Diese Seite gibt es nicht (mehr).,Dës Säit gëtt et net (méi).,Cette page n'existe pas (ou plus).,
i18n:f404.text,"Suchen Sie, was Sie brauchen, oder gehen Sie weiter:","Sicht, wat Dir braucht, oder gitt weider:",Cherchez ce dont vous avez besoin ou continuez vers :,
i18n:f404.anrufen,Oder rufen Sie an: {telefone}.,Oder rufft un: {telefone}.,Ou appelez-nous : {telefone}.,
i18n:faq.q1,Ist der Bestand auf der Website aktuell?,Ass de Stock op der Websäit aktuell?,Le stock du site est-il à jour ?,
i18n:faq.a1,"Fast live. Die Website gleicht den Bestand alle zehn Minuten mit der Kasse beider Häuser ab und prüft ihn auf der Produktseite und vor dem Absenden noch einmal. Wurde ein Stück inzwischen im Laden verkauft, sagen wir es Ihnen, bevor Sie reservieren oder bezahlen.","Bal live. D'Websäit gläicht de Stock all zéng Minutte mat der Keess vu béiden Haiser of a kontrolléiert en op der Produitsäit an ier Dir ofschéckt nach eng Kéier. Gouf e Stéck an der Tëschenzäit am Buttek verkaaft, soe mir Iech et, ier Dir reservéiert oder bezuelt.","Presque en direct. Le site se synchronise toutes les dix minutes avec la caisse des deux maisons et vérifie encore une fois sur la page produit et avant l'envoi. Si une pièce vient d'être vendue en boutique, nous vous le disons avant que vous réserviez ou payiez.",
i18n:faq.q2,Was kostet eine Reservierung?,Wat kascht eng Reservatioun?,Combien coûte une réservation ?,
i18n:faq.a2,"Nichts, und Sie verpflichten sich zu nichts. Passt etwas nicht, lassen Sie es einfach im Laden.","Näischt, an Dir verflicht Iech zu näischt. Passt eppes net, loosst Dir et einfach am Buttek.","Rien, et sans engagement. Si quelque chose ne vous va pas, vous le laissez simplement en boutique.",
i18n:faq.q3,Wie lange wird reserviert?,Wéi laang gëtt reservéiert?,Combien de temps la réservation est-elle gardée ?,
i18n:faq.a3,"{n} Werktage ab dem Abholdatum, das Sie wählen. Danach geht der Artikel zurück in den Verkauf.","{n} Aarbechtsdeeg ab dem Ofhueldatum, deen Dir wielt. Duerno geet den Artikel zréck an de Verkaf.","{n} jours ouvrables à partir de la date de retrait que vous choisissez. Ensuite, l'article est remis en vente.",
i18n:faq.q4,Kann ich in einem Haus reservieren und im anderen abholen?,Kann ech an engem Haus reservéieren an am aneren ofhuelen?,Puis-je réserver dans une maison et retirer dans l'autre ?,
i18n:faq.a4,Das klären wir noch mit den Häusern.,Dat klären mir nach mat den Haiser.,Nous le vérifions encore avec les maisons.,
i18n:faq.q5,Liefern Sie auch?,Liwwert Dir och?,Livrez-vous aussi ?,
i18n:faq.a5,"Ja, innerhalb Luxemburgs.","Jo, bannent Lëtzebuerg.","Oui, au Luxembourg.",
i18n:faq.q6,Kann ich zurückgeben oder umtauschen?,Kann ech zréckginn oder ëmtauschen?,Puis-je retourner ou échanger un article ?,
i18n:faq.a6,"Online gekaufte Artikel können Sie innerhalb von 14 Tagen zurückgeben (Widerrufsrecht, siehe Widerrufsbelehrung).","Online kaaft Artikele kënnt Dir bannent 14 Deeg zréckginn (Réckzuchsrecht, kuckt d'Widderruffsbeléierung).","Vous pouvez retourner les articles achetés en ligne dans un délai de 14 jours (droit de rétractation, voir les informations sur la rétractation).",
i18n:faq.a6Umtausch,Umtausch im Laden:,Ëmtausch am Buttek:,Échange en boutique :,
i18n:faq.q7,Gilt ein Gutschein in beiden Häusern?,Gëllt e Kaddosbong a béiden Haiser?,Le chèque-cadeau est-il valable dans les deux maisons ?,
i18n:faq.a7,"Ja, bei Confection Lanners und bei Jager-Oberlinkels. Sie lösen ihn im Laden ein.","Jo, bei Confection Lanners a bei Jager-Oberlinkels. Dir léist en am Buttek an.","Oui, chez Confection Lanners et chez Jager-Oberlinkels. Il s'utilise en boutique.",
i18n:faq.q9,Wo kann ich parken?,Wou kann ech parken?,Où puis-je me garer ?,
i18n:faq.a9,"Die nächsten Parkplätze nennen wir hier, sobald die Häuser sie bestätigt haben.","Déi nootste Parkplaze nenne mir hei, soubal d'Haiser se bestätegt hunn.",Nous indiquerons ici les parkings les plus proches dès que les maisons les auront confirmés.,
i18n:faq.q10,In welchen Sprachen werde ich beraten?,A wéi enge Sprooche gëtt ech beroden?,Dans quelles langues suis-je conseillé ?,
i18n:faq.a10,Das bestätigen die Häuser noch.,Dat bestätegen d'Haiser nach.,Les maisons doivent encore le confirmer.,
i18n:land.LU,Luxemburg,Lëtzebuerg,Luxembourg,
i18n:land.BE,Belgien,Belsch,Belgique,
i18n:land.DE,Deutschland,Däitschland,Allemagne,
i18n:land.FR,Frankreich,Frankräich,France,
i18n:seo.start.title,Damen- und Herrenmode in Ettelbruck | Lanners & Jager,Fraen- an Häremoud zu Ettelbréck | Lanners & Jager,Mode homme et femme à Ettelbruck | Lanners & Jager,
i18n:seo.start.desc,"Zwei Modehäuser in der Grand-Rue von Ettelbruck: Boss, Barbour, Lacoste, Maerz und mehr. Sehen Sie, was in Ihrer Größe da ist, und reservieren Sie online.","Zwee Moudenhaiser an der Grand-Rue zu Ettelbréck: Boss, Barbour, Lacoste, Maerz a méi. Kuckt, wat an Ärer Gréisst do ass, a reservéiert online zum Uprobéieren.","Deux maisons de mode dans la Grand-Rue d'Ettelbruck : Boss, Barbour, Lacoste, Maerz et plus. Voyez ce qui est disponible dans votre taille et réservez.",
i18n:seo.herren.title,"Herrenmode in Ettelbruck: Boss, Barbour, Lacoste & mehr","Häremoud zu Ettelbréck: Boss, Barbour, Lacoste a méi","Mode homme à Ettelbruck : Boss, Barbour, Lacoste et plus",
i18n:seo.herren.desc,"Anzüge, Hemden, Polos, Jacken und Hüte für Herren bei Lanners und Jager in Ettelbruck. Bestand je Größe und Haus live sehen, online reservieren oder bestellen.","Kostümer, Hiemer, Polos, Jacketten an Hitt fir Hären bei Lanners a Jager zu Ettelbréck. Stock no Gréisst an Haus live gesinn, online reservéieren a bestellen.","Costumes, chemises, polos, vestes et chapeaux pour homme chez Lanners et Jager à Ettelbruck. Stock par taille en direct, réservation ou commande en ligne.",
i18n:seo.damen.title,"Damenmode in Ettelbruck: Maerz, Boss, Scotch & Soda","Fraemoud zu Ettelbréck: Maerz, Boss, Scotch & Soda","Mode femme à Ettelbruck : Maerz, Boss, Scotch & Soda",
i18n:seo.damen.desc,"Damenmode bei Confection Lanners, Grand-Rue 18 in Ettelbruck: Strick, Jacken, Hosen und mehr. Sehen Sie, was in Ihrer Größe da ist, und reservieren Sie online.","Fraemoud bei Confection Lanners, Grand-Rue 18 zu Ettelbréck: Strécksaachen, Jacketten, Boxen a méi. Kuckt, wat an Ärer Gréisst do ass, a reservéiert online.","Prêt-à-porter femme chez Confection Lanners, 18 Grand-Rue à Ettelbruck : mailles, vestes, pantalons. Voyez ce qui est disponible dans votre taille et réservez.",
i18n:seo.accessoires.title,Hüte von Stetson und Fynch Hatton in Ettelbruck | Jager,Hitt vu Stetson a Fynch Hatton zu Ettelbréck | Jager,Chapeaux Stetson et Fynch Hatton à Ettelbruck | Jager,
i18n:seo.accessoires.desc,"Jager in der Grand-Rue 32 hat 1891 als Hutgeschäft angefangen. Heute: Stetson, Fynch Hatton, Mützen und Accessoires. Größe online prüfen und reservieren.","Jager an der Grand-Rue 32 huet 1891 als Hutgeschäft ugefaangen. Haut: Stetson, Fynch Hatton, Kappen an Accessoiren. Gréisst online kucken a reservéieren.","Jager, au 32 Grand-Rue, a débuté en 1891 comme chapelier. Aujourd'hui : Stetson, Fynch Hatton, bonnets et accessoires. Vérifiez votre taille et réservez.",
i18n:seo.marken.title,"Marken in Ettelbruck: Boss, Barbour, Lacoste, Levi's & mehr","Marken zu Ettelbréck: Boss, Barbour, Lacoste, Levi's a méi","Boss, Barbour, Lacoste, Levi's : les marques à Ettelbruck",
i18n:seo.marken.desc,"Alle Marken von Lanners und Jager in der Grand-Rue von Ettelbruck, von Barbour und Boss bis Stetson und Save the Duck. Mit Bestand je Größe und je Haus.","All d'Marke vu Lanners a Jager an der Grand-Rue zu Ettelbréck, vu Barbour a Boss bis Stetson a Save the Duck. Mam Stock no Gréisst an no Haus, live gewisen.","Toutes les marques de Lanners et Jager dans la Grand-Rue d'Ettelbruck, de Barbour et Boss à Stetson et Save the Duck. Avec le stock par taille et par maison.",
i18n:seo.lanners.title,Confection Lanners: Damen- und Herrenmode in Ettelbruck,Confection Lanners: Fraen- an Häremoud zu Ettelbréck,Confection Lanners : mode homme et femme à Ettelbruck,
i18n:seo.lanners.desc,"Confection Lanners, Grand-Rue 18 in Ettelbruck: Damen- und Herrenmode auf 520 m² mit Boss, Maerz, Camel Active und mehr. Öffnungszeiten, Anfahrt und Marken.","Confection Lanners, Grand-Rue 18 zu Ettelbréck: Fraen- an Häremoud op 520 m² mat Boss, Maerz, Camel Active a méi. Ëffnungszäiten, Wee a Marken op ee Bléck.","Confection Lanners, 18 Grand-Rue à Ettelbruck : mode homme et femme sur 520 m² avec Boss, Maerz, Camel Active et d'autres. Horaires, accès et liste des marques.",
i18n:seo.jager.title,Jager-Oberlinkels: Herrenmode und Hüte in Ettelbruck,"Jager-Oberlinkels: Häremoud an Hitt, Grand-Rue Ettelbréck",Jager-Oberlinkels : mode homme et chapeaux à Ettelbruck,
i18n:seo.jager.desc,"Jager-Oberlinkels, seit 1891 in der Grand-Rue 32 in Ettelbruck: Herrenmode und Hüte von Barbour, Lacoste, Levi's, Stetson und mehr. Öffnungszeiten und Anfahrt.","Jager-Oberlinkels, zënter 1891 an der Grand-Rue 32 zu Ettelbréck: Häremoud an Hitt vu Barbour, Lacoste, Levi's, Stetson a méi. Ëffnungszäiten a Wee bei d'Haus.","Jager-Oberlinkels, au 32 Grand-Rue à Ettelbruck depuis 1891 : mode homme et chapeaux Barbour, Lacoste, Levi's, Stetson et d'autres. Horaires, accès et marques.",
i18n:seo.haeuser.title,"Die Häuser Lanners und Jager in der Grand-Rue, Ettelbruck","D'Haiser Lanners a Jager an der Grand-Rue, Ettelbréck",Les maisons Lanners et Jager dans la Grand-Rue d'Ettelbruck,
i18n:seo.haeuser.desc,"Confection Lanners, Grand-Rue 18, und Jager-Oberlinkels, Grand-Rue 32: zwei Modehäuser in Ettelbruck. Öffnungszeiten, Anfahrt und Marken beider Häuser.","Confection Lanners, Grand-Rue 18, a Jager-Oberlinkels, Grand-Rue 32: zwee Moudenhaiser zu Ettelbréck. Ëffnungszäiten, Wee a Marke vu béiden Haiser op ee Bléck.","Confection Lanners, 18 Grand-Rue, et Jager-Oberlinkels, 32 Grand-Rue : deux maisons de mode à Ettelbruck. Horaires, accès et marques des deux maisons.",
i18n:seo.howto.title,"Online reservieren, im Laden anprobieren | Lanners & Jager","Online reservéieren, am Buttek uprobéieren | Lanners & Jager","Réserver en ligne, essayer en boutique | Lanners & Jager",
i18n:seo.howto.desc,"So reservieren Sie bei Lanners und Jager in Ettelbruck: Größe und Haus wählen, reservieren, im Laden anprobieren, bezahlen. Oder online bestellen und abholen.","Sou reservéiert Dir bei Lanners a Jager zu Ettelbréck: Gréisst an Haus wielen, reservéieren, am Buttek uprobéieren, bezuelen. Oder online bestellen an ofhuelen.","Réservez chez Lanners et Jager à Ettelbruck : choisissez taille et maison, réservez, essayez et payez en boutique. Ou commandez en ligne et retirez en magasin.",
i18n:seo.gutscheine.title,"Gutschein für Lanners und Jager in Ettelbruck, ab 20 €","Kaddosbong fir Lanners a Jager zu Ettelbréck, ab 20 €","Chèque-cadeau pour Lanners et Jager à Ettelbruck, dès 20 €",
i18n:seo.gutscheine.desc,"Ein Gutschein, der in beiden Häusern in der Grand-Rue von Ettelbruck gilt, bei Confection Lanners und bei Jager-Oberlinkels. Ab 20 € online erhältlich.","E Kaddosbong, deen a béiden Haiser an der Grand-Rue zu Ettelbréck gëllt: bei Confection Lanners a bei Jager-Oberlinkels. Ab 20 € online, agesat am Buttek.","Un chèque-cadeau valable dans les deux maisons de la Grand-Rue d'Ettelbruck, chez Confection Lanners et chez Jager-Oberlinkels. Disponible en ligne dès 20 €.",
i18n:seo.kontakt.title,Kontakt und Öffnungszeiten | Lanners & Jager Ettelbruck,Kontakt an Ëffnungszäiten | Lanners & Jager Ettelbréck,Contact et horaires d'ouverture | Lanners & Jager Ettelbruck,
i18n:seo.kontakt.desc,"Öffnungszeiten, Telefon und Anfahrt von Confection Lanners, Grand-Rue 18, und Jager-Oberlinkels, Grand-Rue 32, in Ettelbruck. Rufen Sie an oder schreiben Sie.","Ëffnungszäiten, Telefon a Wee vu Confection Lanners, Grand-Rue 18, a Jager-Oberlinkels, Grand-Rue 32, zu Ettelbréck. Rufft un oder schreift eis direkt.","Horaires, téléphone et accès de Confection Lanners, 18 Grand-Rue, et de Jager-Oberlinkels, 32 Grand-Rue, à Ettelbruck. Appelez-nous ou écrivez-nous directement.",
i18n:seo.sortiment.title,Sortiment Damen- und Herrenmode Ettelbruck | Lanners & Jager,"Sortiment: Fraen- an Häremoud, Ettelbréck | Lanners & Jager","Collection mode femme et homme, Ettelbruck | Lanners & Jager",
i18n:seo.sortiment.desc,"Das ganze Sortiment von Lanners und Jager in der Grand-Rue von Ettelbruck: Jacken, Anzüge, Strick, Jeans, Hüte. Bestand je Größe und Haus, online reservieren.","Dat ganzt Sortiment vu Lanners a Jager an der Grand-Rue zu Ettelbréck: Jacketten, Kostümer, Strécksaachen, Jeans an Hitt. Stock no Gréisst an Haus, live.","Toute la collection de Lanners et Jager dans la Grand-Rue d'Ettelbruck : vestes, costumes, mailles, jeans et chapeaux. Stock par taille et par maison.",
i18n:seo.sale.title,Sale bei Lanners und Jager in Ettelbruck: reduzierte Mode,Sale bei Lanners a Jager zu Ettelbréck: reduzéiert Moud,Soldes chez Lanners et Jager à Ettelbruck : prix réduits,
i18n:seo.sale.desc,"Reduzierte Damen- und Herrenmode bei Lanners und Jager in der Grand-Rue von Ettelbruck. Sehen Sie, welche Größen noch da sind, und reservieren Sie online.","Reduzéiert Fraen- an Häremoud bei Lanners a Jager an der Grand-Rue zu Ettelbréck. Kuckt, wéi eng Gréissten nach do sinn, a reservéiert online zum Uprobéieren.","Mode femme et homme à prix réduit chez Lanners et Jager, dans la Grand-Rue d'Ettelbruck. Voyez quelles tailles sont encore disponibles et réservez en ligne.",
i18n:seo.neu.title,Neu eingetroffen bei Lanners und Jager in Ettelbruck,Nei erakomm bei Lanners a Jager zu Ettelbréck: nei Wuer,"Nouveautés chez Lanners et Jager, Grand-Rue Ettelbruck",
i18n:seo.neu.desc,"Neu eingetroffen in den zwei Modehäusern der Grand-Rue von Ettelbruck: neue Ware von Boss, Barbour, Lacoste und mehr. Mit Bestand je Größe und Haus, live.","Nei erakomm an den zwee Moudenhaiser vun der Grand-Rue zu Ettelbréck: nei Wuer vu Boss, Barbour, Lacoste a méi. Mam Stock no Gréisst an no Haus, live gewisen.","Les nouveautés des deux maisons de mode de la Grand-Rue d'Ettelbruck : arrivages de Boss, Barbour, Lacoste et d'autres marques. Stock par taille et par maison.",
i18n:seo.tasche.title,Ihr Warenkorb: reservieren oder bestellen | Lanners & Jager,Akafskuerf: reservéieren oder bestellen | Lanners & Jager,Votre panier : réserver ou commander | Lanners & Jager,
i18n:seo.tasche.desc,"Ihr Warenkorb bei Lanners und Jager in Ettelbruck: kostenlos reservieren und im Laden anprobieren, oder online bezahlen und abholen oder liefern lassen.","Akafskuerf bei Lanners a Jager zu Ettelbréck: reservéieren an am Buttek uprobéieren, oder online bezuelen an ofhuelen oder liwwere loossen. Gratis reservéieren.","Votre panier chez Lanners et Jager à Ettelbruck : réservez et essayez en boutique, ou payez en ligne, puis retirez ou faites-vous livrer. Réservation gratuite.",
i18n:seo.reservieren.title,Reservieren und im Laden anprobieren | Lanners & Jager,Reservéieren an am Buttek uprobéieren | Lanners & Jager,Réserver puis essayer en boutique | Lanners & Jager,
i18n:seo.reservieren.desc,"Reservieren Sie kostenlos bei Lanners und Jager in Ettelbruck. Das Haus legt die Artikel für Sie zurück, Sie probieren im Laden an und bezahlen nur, was passt.","Reservéiert gratis bei Lanners a Jager zu Ettelbréck. D'Haus leet d'Artikele fir Iech zréck, Dir probéiert am Buttek un a bezuelt nëmmen dat, wat Iech passt.","Réservez gratuitement chez Lanners et Jager à Ettelbruck. La maison garde les articles pour vous, vous essayez en boutique et ne payez que ce qui vous va.",
i18n:seo.kasse.title,"Kasse: online bezahlen | Lanners & Jager, Ettelbruck","Keess: online bezuelen | Lanners & Jager, Ettelbréck","Commande : payer en ligne | Lanners & Jager, Ettelbruck",
i18n:seo.kasse.desc,Bezahlen Sie online bei Lanners oder Jager in Ettelbruck und holen Sie im Haus ab oder lassen Sie liefern. Bei Artikeln aus beiden Häusern zahlen Sie getrennt.,Bezuelt online bei Lanners oder Jager zu Ettelbréck an huelt am Haus of oder loosst liwweren. Bei Artikelen aus béiden Haiser bezuelt Dir all Haus separat.,"Payez en ligne chez Lanners ou Jager à Ettelbruck, puis retirez en boutique ou faites-vous livrer. Pour des articles des deux maisons, vous payez séparément.",
i18n:seo.suche.title,"Suche im Sortiment von Lanners & Jager, Ettelbruck","Am Sortiment sichen: Marken, Artikelen | Lanners & Jager","Recherche dans la collection | Lanners & Jager, Ettelbruck",
i18n:seo.suche.desc,"Durchsuchen Sie das Sortiment von Lanners und Jager in Ettelbruck nach Marke, Artikel oder Farbe und sehen Sie, was in Ihrer Größe in welchem Haus da ist.","Sicht am Sortiment vu Lanners a Jager zu Ettelbréck no Mark, Artikel oder Faarf a kuckt, wat an Ärer Gréisst an a wéi engem Haus grad do ass, live a gratis.","Cherchez par marque, article ou couleur dans la collection de Lanners et Jager à Ettelbruck, et voyez dans quelle maison votre taille est disponible maintenant.",
i18n:seo.impressum.title,"Impressum | Lanners & Jager, Grand-Rue 18 und 32, Ettelbruck","Impressum | Lanners & Jager, Grand-Rue 18 a 32, Ettelbréck","Mentions légales | Lanners & Jager, Grand-Rue Ettelbruck",
i18n:seo.impressum.desc,"Impressum der Website von Confection Lanners, Grand-Rue 18, und Jager-Oberlinkels, Grand-Rue 32, in Ettelbruck: Firmenangaben, Registernummern, Kontakt.","Impressum vun der Websäit vu Confection Lanners, Grand-Rue 18, a Jager-Oberlinkels, Grand-Rue 32, zu Ettelbréck: Firmen, Registernummeren a Kontakt op ee Bléck.","Mentions légales du site de Confection Lanners, 18 Grand-Rue, et de Jager-Oberlinkels, 32 Grand-Rue, à Ettelbruck : sociétés, immatriculation, contact.",
i18n:seo.datenschutz.title,"Datenschutzerklärung | Lanners & Jager, Ettelbruck","Dateschutzerklärung | Lanners & Jager, Grand-Rue Ettelbréck","Protection des données | Lanners & Jager, Ettelbruck",
i18n:seo.datenschutz.desc,"Wie Lanners und Jager Ihre Daten bei Reservierungen, Bestellungen und Anfragen verwenden, wie lange sie gespeichert bleiben und welche Rechte Sie haben.","Wéi Lanners a Jager Är Donnéeë bei Reservatiounen, Bestellungen an Ufroe benotzen, wéi laang se gespäichert bleiwen a wéi eng Rechter Dir hutt. Keng Cookien.","Comment Lanners et Jager utilisent vos données pour les réservations, commandes et demandes, combien de temps elles sont conservées et quels sont vos droits.",
i18n:seo.agb.title,AGB: Allgemeine Geschäftsbedingungen | Lanners & Jager,AGB: Allgemeng Geschäftskonditiounen | Lanners & Jager,CGV : conditions générales de vente | Lanners & Jager,
i18n:seo.agb.desc,"Allgemeine Geschäftsbedingungen für Online-Bestellungen bei Confection Lanners und Jager-Oberlinkels in Ettelbruck. Entwurf, wird noch rechtlich geprüft.","Allgemeng Geschäftskonditioune fir Online-Bestellunge bei Confection Lanners a Jager-Oberlinkels zu Ettelbréck. Entworf, gëtt nach juristesch iwwerpréift.","Conditions générales de vente pour les commandes en ligne chez Confection Lanners et Jager-Oberlinkels à Ettelbruck. Projet, en cours de vérification juridique.",
i18n:seo.widerruf.title,"Widerrufsbelehrung | Lanners & Jager, Grand-Rue Ettelbruck","Widderruffsbeléierung | Lanners & Jager, Ettelbréck","Droit de rétractation | Lanners & Jager, Ettelbruck",
i18n:seo.widerruf.desc,"Ihr Widerrufsrecht bei Online-Bestellungen bei Confection Lanners und Jager-Oberlinkels: 14 Tage, Rücksendung und Erstattung. Entwurf, wird rechtlich geprüft.","Äert Réckzuchsrecht bei Online-Bestellunge bei Confection Lanners a Jager-Oberlinkels: 14 Deeg, Récksendung a Rembourséierung. Entworf, gëtt nach iwwerpréift.","Votre droit de rétractation pour les commandes en ligne chez Confection Lanners et Jager-Oberlinkels : 14 jours, retour et remboursement. Projet, à vérifier.",
i18n:seo.versand.title,"Versand und Zahlung | Lanners & Jager, Grand-Rue Ettelbruck","Versand a Bezuelen | Lanners & Jager, Grand-Rue Ettelbréck","Livraison et paiement | Lanners & Jager, Ettelbruck",
i18n:seo.versand.desc,"Versandländer, Versandkosten, Lieferzeit und Zahlungsarten bei Lanners und Jager in Ettelbruck. Abholung im Haus ab dem nächsten Öffnungstag ist möglich.","Versandlänner, Versandkäschten, Liwwerzäit a Bezuelméiglechkeete bei Lanners a Jager zu Ettelbréck. Ofhuelen am Haus ab dem nächsten Ëffnungsdag ass méiglech.","Pays de livraison, frais, délais et moyens de paiement chez Lanners et Jager à Ettelbruck. Retrait en boutique possible dès le jour d'ouverture suivant.",
i18n:seo.f404.title,"Seite nicht gefunden | Lanners & Jager, Ettelbruck","Säit net fonnt | Lanners & Jager, Grand-Rue Ettelbréck","Page introuvable | Lanners & Jager, Grand-Rue Ettelbruck",
i18n:seo.f404.desc,"Diese Seite gibt es nicht mehr. Suchen Sie im Sortiment von Lanners und Jager in Ettelbruck, oder rufen Sie uns direkt an: Lanners 81 22 80, Jager 81 22 79.","Dës Säit gëtt et net méi. Sicht am Sortiment vu Lanners a Jager zu Ettelbréck oder rufft eis un: Lanners 81 22 80, Jager 81 22 79. Mir hëllefen Iech gär weider.","Cette page n'existe plus. Cherchez dans la collection de Lanners et Jager à Ettelbruck ou appelez-nous : Lanners 81 22 80, Jager 81 22 79. Nous vous aidons.",
i18n:seo.demopost.title,Demo-Postausgang: alle Mails der Demo | Lanners & Jager,"Demo-Postausgang: all Mailen | Lanners & Jager, Ettelbréck",Courrier de démo : tous les e-mails | Lanners & Jager,
i18n:seo.demopost.desc,"Demo: die Mails, die die Website bei Reservierungen, Bestellungen und Anfragen verschicken würde. Verschickt wird nichts, alles bleibt hier gut sichtbar.","Demo: d'Mailen, déi d'Websäit bei Reservatiounen, Bestellungen an Ufroe verschécke géif. An der Demo gëtt näischt verschéckt, alles bleift hei op dëser Säit.","Démo : les e-mails que le site enverrait pour les réservations, les commandes et les demandes. Dans la démo, rien n'est envoyé, tout reste visible ici.",
i18n:seo.suffix, | Lanners & Jager, | Lanners & Jager, | Lanners & Jager,
i18n:seo.produktTitle,{marke} {name} {farbe},{marke} {name} {farbe},{marke} {name} {farbe},
i18n:seo.produktDesc,"{marke} {name} in {farbe}, {preis}. Vorrätig bei {haus} in Ettelbruck, in {groessen}. Online reservieren oder bestellen.","{marke} {name} a(n) {farbe}, {preis}. Op Lager bei {haus} zu Ettelbréck, a(n) {groessen}. Online reservéieren oder bestellen.","{marke} {name} en {farbe}, {preis}. En stock chez {haus} à Ettelbruck, en {groessen}. Réservez ou commandez en ligne.",
i18n:seo.produktDescReserve,"{marke} {name} in {farbe}, {preis}. Vorrätig bei {haus} in Ettelbruck, in {groessen}. Online reservieren.","{marke} {name} a(n) {farbe}, {preis}. Op Lager bei {haus} zu Ettelbréck, a(n) {groessen}. Online reservéieren.","{marke} {name} en {farbe}, {preis}. En stock chez {haus} à Ettelbruck, en {groessen}. Réservez en ligne.",
i18n:seo.produktDescNichts,"{marke} {name} in {farbe}, {preis}, bei {haus} in Ettelbruck. Gerade nicht vorrätig: Fragen Sie im Laden nach.","{marke} {name} a(n) {farbe}, {preis}, bei {haus} zu Ettelbréck. Grad net op Lager: Frot am Buttek no.","{marke} {name} en {farbe}, {preis}, chez {haus} à Ettelbruck. Momentanément épuisé : renseignez-vous en boutique.",
i18n:seo.produktDescZusatz, Im Laden anprobieren., Am Buttek uprobéieren., Essayez-le en boutique.,
i18n:seo.markeTitle,{marke} in Ettelbruck | Lanners & Jager,{marke} zu Ettelbréck | Lanners & Jager,{marke} à Ettelbruck | Lanners & Jager,
i18n:seo.markeDescZusatz, Online reservieren und im Laden anprobieren., Online reservéieren an am Buttek uprobéieren., Réservez en ligne et essayez en boutique.,
i18n:seo.warengruppeTitle,{warengruppe} {fuer} in Ettelbruck | Lanners & Jager,{warengruppe} {fuer} zu Ettelbréck | Lanners & Jager,{warengruppe} {fuer} à Ettelbruck | Lanners & Jager,
i18n:seo.warengruppeDesc,"{warengruppe} {fuer} {ort}. Sehen Sie, welche Größen in welchem Haus da sind, und reservieren Sie online.","{warengruppe} {fuer} {ort}. Kuckt, wéi eng Gréissten a wéi engem Haus do sinn, a reservéiert online.",{warengruppe} {fuer} {ort}. Voyez quelles tailles sont disponibles dans quelle maison et réservez en ligne.,
i18n:seo.accGruppeTitle,{warengruppe} in Ettelbruck | Lanners & Jager,{warengruppe} zu Ettelbréck | Lanners & Jager,{warengruppe} à Ettelbruck | Lanners & Jager,
i18n:seo.accGruppeDesc,"{warengruppe} {ort}. Sehen Sie, welche Größen in welchem Haus da sind, und reservieren Sie online.","{warengruppe} {ort}. Kuckt, wéi eng Gréissten a wéi engem Haus do sinn, a reservéiert online.",{warengruppe} {ort}. Voyez quelles tailles sont disponibles dans quelle maison et réservez en ligne.,
i18n:seo.seite, (Seite {n}), (Säit {n}), (page {n}),
i18n:seo.und, und , a , et ,
i18n:seo.haeuserBeide,Lanners und Jager,Lanners a Jager,Lanners et Jager,
i18n:seo.haeuserEins,"{haus}, Grand-Rue {nr}","{haus}, Grand-Rue {nr}","{haus}, {nr} Grand-Rue",
i18n:seo.ortBeide,bei Lanners und Jager in der Grand-Rue von Ettelbruck,bei Lanners a Jager an der Grand-Rue zu Ettelbréck,"chez Lanners et Jager, dans la Grand-Rue d'Ettelbruck",
i18n:seo.ortEins,"bei {haus}, Grand-Rue {nr} in Ettelbruck","bei {haus}, Grand-Rue {nr} zu Ettelbréck","chez {haus}, {nr} Grand-Rue à Ettelbruck",
i18n:seo.zusatzLive, Bestand je Größe und Haus live., Stock pro Gréisst an Haus live., Stock par taille et par maison en direct.,
i18n:seo.zusatzReservieren, Online reservieren., Online reservéieren., Réservez en ligne.,
i18n:seo.dankeRes.title,"Danke, Ihre Reservierung ist angekommen | Lanners & Jager","Merci, Är Reservatioun ass ukomm | Lanners & Jager","Merci, votre réservation est arrivée | Lanners & Jager",
i18n:seo.dankeRes.desc,"Ihre Reservierung bei Lanners und Jager in Ettelbruck ist angekommen. Hier sehen Sie, ab wann die Artikel für Sie bereitliegen und bis wann wir sie zurücklegen.","Är Reservatioun bei Lanners a Jager zu Ettelbréck ass ukomm. Hei gesitt Dir, ab wéini d'Artikele fir Iech prett leien a bis wéini mir se fir Iech zréckleeën.",Votre réservation chez Lanners et Jager à Ettelbruck est bien arrivée. Voyez ici à partir de quand les articles vous attendent et jusqu’à quand on les garde.,
i18n:seo.dankeKauf.title,"Ihre Bestellung | Lanners & Jager, Ettelbruck","Är Bestellung | Lanners & Jager, Ettelbréck","Votre commande | Lanners & Jager, Ettelbruck",
i18n:seo.dankeKauf.desc,"Ihre Bestellung bei Lanners und Jager in Ettelbruck: Hier sehen Sie, ob die Zahlung angekommen ist und wann Sie abholen können oder wann wir das Paket schicken.","Är Bestellung bei Lanners a Jager zu Ettelbréck: Hei gesitt Dir, ob d'Bezuelung ukomm ass a wéini Dir ofhuele kënnt oder wéini mir de Pak fir Iech verschécken.","Votre commande chez Lanners et Jager à Ettelbruck : voyez ici si le paiement est arrivé et quand vous pouvez la retirer, ou quand nous envoyons votre colis.",
i18n:seo.dankeAnfrage.title,"Danke für Ihre Nachricht | Lanners & Jager, Ettelbruck","Merci fir Äre Message | Lanners & Jager, Ettelbréck","Merci pour votre message | Lanners & Jager, Ettelbruck",
i18n:seo.dankeAnfrage.desc,"Ihre Nachricht an Lanners und Jager in Ettelbruck ist angekommen. Wir antworten so bald wie möglich. Eilt es, rufen Sie an: Lanners 81 22 80, Jager 81 22 79.","Äre Message un Lanners a Jager zu Ettelbréck ass ukomm. Mir äntweren esou séier wéi méiglech. Wann et presséiert, rufft un: Lanners 81 22 80, Jager 81 22 79.","Votre message à Lanners et Jager à Ettelbruck est bien arrivé. Nous répondons dès que possible. Si c'est urgent, appelez : Lanners 81 22 80, Jager 81 22 79.",
i18n:seo.geschichte.title,Geschichte: Jager seit 1891 und Lanners in Ettelbruck,Geschicht: Jager zënter 1891 a Lanners zu Ettelbréck,Histoire : Jager depuis 1891 et Lanners à Ettelbruck,
i18n:seo.geschichte.desc,"Die Geschichte der zwei Modehäuser in der Grand-Rue von Ettelbruck: Jager-Oberlinkels seit 1891, vom Hutgeschäft zum Herrenausstatter, und Confection Lanners.","D'Geschicht vun den zwee Moudenhaiser an der Grand-Rue zu Ettelbréck: Jager-Oberlinkels zënter 1891, vum Hutgeschäft zum Häreausstatter, a Confection Lanners.","L'histoire des deux maisons de mode de la Grand-Rue d'Ettelbruck : Jager-Oberlinkels depuis 1891, du chapelier à la mode homme, et Confection Lanners.",
i18n:recht.entwurf,"Entwurf, rechtlich prüfen","Entworf, juristesch iwwerpréiwen","Projet, à vérifier juridiquement",
i18n:recht.textFolgt,Der Text folgt nach der juristischen Prüfung.,Den Text kënnt no der juristescher Iwwerpréiwung.,Le texte suivra après la vérification juridique.,
i18n:recht.stand,Stand: {datum},Stand: {datum},Mise à jour : {datum},
i18n:recht.impressum.h1,Impressum,Impressum,Mentions légales,
i18n:recht.impressum.betreiberH2,Betreiber dieser Website,Bedreiwer vun dëser Websäit,Éditeur du site,
i18n:recht.impressum.betreiber,"Welche der beiden Firmen diese Website betreibt, steht noch nicht fest.","Wéi eng vun den zwou Firmen dës Websäit bedreift, steet nach net fest.",Il n'est pas encore établi laquelle des deux sociétés édite ce site.,
i18n:recht.impressum.firmenH2,Die zwei Häuser,Déi zwee Haiser,Les deux maisons,
i18n:recht.impressum.firma,Firma,Firma,Société,
i18n:recht.impressum.rechtsform,Rechtsform,Rechtsform,Forme juridique,
i18n:recht.impressum.vertreten,Vertreten durch,Vertruede vun,Représentée par,
i18n:recht.impressum.adresse,Adresse,Adress,Adresse,
i18n:recht.impressum.telefon,Telefon,Telefon,Téléphone,
i18n:recht.impressum.email,E-Mail,E-Mail,E-mail,
i18n:recht.impressum.rcs,Handels- und Firmenregister (RCS),Handels- a Firmeregister (RCS),Registre de commerce et des sociétés (RCS),
i18n:recht.impressum.mwst,MwSt-Nummer,TVA-Nummer,Numéro de TVA,
i18n:recht.impressum.gewerbe,Gewerbegenehmigung,Autorisatioun d'établissement,Autorisation d'établissement,
i18n:recht.impressum.aufsichtH2,Aufsicht Datenschutz,Opsiicht Dateschutz,Autorité de protection des données,
i18n:recht.impressum.aufsicht,Zuständig ist die Commission nationale pour la protection des données (CNPD).,Zoustänneg ass d'Commission nationale pour la protection des données (CNPD).,L'autorité compétente est la Commission nationale pour la protection des données (CNPD).,
i18n:recht.impressum.markenH2,Marken,Marken,Marques,
i18n:recht.impressum.marken,Die genannten Marken gehören ihren Inhabern. Ihre Nennung beschreibt das Sortiment der zwei Häuser.,Déi genannte Marke gehéieren hiren Ënnerhaber. Si beschreiwen d'Sortiment vun den zwee Haiser.,Les marques citées appartiennent à leurs titulaires. Elles décrivent l'assortiment des deux maisons.,
i18n:recht.impressum.bildH2,Bildnachweis,Fotoen a Logoen,Crédits photos,
i18n:recht.impressum.bildText,Die Stimmungsfotos und die Demo-Fotos der Artikel stammen von Unsplash (Unsplash-Lizenz). Sie zeigen nicht die echten Artikel. Fotografinnen und Fotografen:,D'Stëmmungsfotoen an d'Demo-Fotoe vun den Artikele sinn op Unsplash ënner der Unsplash-Lizenz publizéiert. Si weisen net déi richteg Artikelen. Fotografen:,Les photos d'ambiance et les photos de démonstration des articles proviennent d'Unsplash (licence Unsplash). Elles ne montrent pas les articles réels. Photographes :,
i18n:recht.impressum.logoText,Die Markenlogos sind Warenzeichen ihrer Inhaber. Die Zeichnung des Jager-Eckhauses stammt aus dem Logo von Jager-Oberlinkels.,D'Logoe vun de Marken sinn hir Wuerenzeechen. D'Zeechnung vum Jager-Eckhaus kënnt aus dem Logo vu Jager-Oberlinkels.,Les logos des marques sont des marques déposées de leurs propriétaires. Le dessin de la maison d'angle Jager provient du logo de Jager-Oberlinkels.,
i18n:recht.datenschutz.h1,Datenschutz,Dateschutz,Protection des données,
i18n:recht.datenschutz.intro,"Hier steht, welche Daten wir bei Reservierungen, Bestellungen und Anfragen verwenden, wozu, wie lange und welche Rechte Sie haben.","Hei steet, wéi eng Donnéeë mir bei Reservatiounen, Bestellungen an Ufroe benotzen, fir wat, wéi laang a wéi eng Rechter Dir hutt.","Vous trouvez ici quelles données nous utilisons pour les réservations, commandes et demandes, dans quel but, pendant combien de temps et quels sont vos droits.",
i18n:recht.datenschutz.verantwortlichH2,Verantwortlich,Verantwortlech,Responsable,
i18n:recht.datenschutz.verantwortlich,"Verantwortlich ist das Haus, bei dem Sie reservieren, bestellen oder anfragen. Wer die Website als Ganzes betreibt, steht noch nicht fest.","Verantwortlech ass d'Haus, bei deem Dir reservéiert, bestellt oder eng Ufro schéckt. Wien d'Websäit als Ganzt bedreift, steet nach net fest.","Le responsable est la maison auprès de laquelle vous réservez, commandez ou faites une demande. L'éditeur du site dans son ensemble n'est pas encore établi.",
i18n:recht.datenschutz.reservierungH2,Reservierungen,Reservatiounen,Réservations,
i18n:recht.datenschutz.reservierung,"Wir verwenden Vorname, Name, E-Mail-Adresse, Mobilnummer, das gewünschte Abholdatum, Ihre Bemerkung und die reservierten Artikel. Damit legt das Haus die Artikel für Sie zurück und erreicht Sie, falls etwas nicht klappt. Die Reservierung wird im Kassensystem des Hauses gespeichert. Rechtsgrundlage ist Ihre Einwilligung (Art. 6 Abs. 1 Buchst. a DSGVO), die Sie jederzeit widerrufen können.","Mir benotze Virnumm, Numm, E-Mail-Adress, GSM-Nummer, de gewënschten Ofhueldatum, Är Bemierkung an déi reservéiert Artikelen. Domat leet d'Haus d'Artikele fir Iech zréck an erreecht Iech, wann eppes net klappt. D'Reservatioun gëtt am Keessesystem vum Haus gespäichert. D'Rechtsgrondlag ass Är Awëllegung (Art. 6 Abs. 1 Buschtaf a DSGVO), déi Dir zu all Moment zréckzéie kënnt.","Nous utilisons votre prénom, votre nom, votre adresse e-mail, votre numéro de portable, la date de retrait souhaitée, votre remarque et les articles réservés. La maison peut ainsi garder les articles pour vous et vous joindre si quelque chose ne va pas. La réservation est enregistrée dans le système de caisse de la maison. La base légale est votre consentement (art. 6, par. 1, point a) du RGPD), que vous pouvez retirer à tout moment.",
i18n:recht.datenschutz.bestellungH2,Online-Bestellungen,Online-Bestellungen,Commandes en ligne,
i18n:recht.datenschutz.bestellung,"Wir verwenden Ihre Kontaktdaten, die Liefer- und Rechnungsadresse, die bestellten Artikel und die Zahlungsreferenz. Ohne diese Angaben können wir den Kaufvertrag nicht erfüllen. Rechtsgrundlage ist die Vertragserfüllung (Art. 6 Abs. 1 Buchst. b DSGVO); Belege bewahrt das Haus nach den gesetzlichen Pflichten auf (Buchst. c). Ihre Zahlungsdaten gibt nur der Zahlungsanbieter ein, wir sehen sie nicht.","Mir benotzen Är Kontaktdonnéeën, d'Liwwer- an d'Rechnungsadress, déi bestallt Artikelen an d'Bezuelreferenz. Ouni dës Donnéeë kënne mir de Kafvertrag net erfëllen. D'Rechtsgrondlag ass d'Erfëllung vum Kontrakt (Art. 6 Abs. 1 Buschtaf b DSGVO); d'Haus bewaart d'Beleeër no de gesetzleche Flichten op (Buschtaf c). Är Bezueldonnéeë gitt Dir nëmme beim Bezuelservice an, mir gesinn se net.","Nous utilisons vos coordonnées, l'adresse de livraison et de facturation, les articles commandés et la référence de paiement. Sans ces informations, nous ne pouvons pas exécuter le contrat de vente. La base légale est l'exécution du contrat (art. 6, par. 1, point b) du RGPD) ; la maison conserve les justificatifs selon ses obligations légales (point c). Vos données de paiement sont saisies uniquement chez le prestataire de paiement, nous ne les voyons pas.",
i18n:recht.datenschutz.anfrageH2,Anfragen,Ufroen,Demandes,
i18n:recht.datenschutz.anfrage,"Wenn Sie uns über das Kontaktformular schreiben, verwenden wir Ihren Namen, Ihre E-Mail-Adresse oder Telefonnummer und Ihre Nachricht, um zu antworten. Rechtsgrundlage ist Ihre Einwilligung (Art. 6 Abs. 1 Buchst. a DSGVO).","Wann Dir eis iwwer de Kontaktformulaire schreift, benotze mir Ären Numm, Är E-Mail-Adress oder Telefonsnummer an Äre Message, fir Iech z'äntweren. D'Rechtsgrondlag ass Är Awëllegung (Art. 6 Abs. 1 Buschtaf a DSGVO).","Lorsque vous nous écrivez via le formulaire de contact, nous utilisons votre nom, votre adresse e-mail ou votre numéro de téléphone et votre message pour vous répondre. La base légale est votre consentement (art. 6, par. 1, point a) du RGPD).",
i18n:recht.datenschutz.empfaengerH2,Wer die Daten verarbeitet,Wien d'Donnéeë veraarbecht,Qui traite les données,
i18n:recht.datenschutz.empfaengerSofttouch,"SoftTouch, Anbieter des Kassensystems der Häuser (Belgien)","SoftTouch, Ubidder vum Keessesystem vun den Haiser (Belsch)","SoftTouch, fournisseur du système de caisse des maisons (Belgique)",
i18n:recht.datenschutz.empfaengerSupabase,"Supabase, Datenbank und Server-Funktionen dieser Website (Rechenzentrum in der EU)","Supabase, Datebank a Server-Funktioune vun dëser Websäit (Rechenzentrum an der EU)","Supabase, base de données et fonctions serveur de ce site (centre de données dans l'UE)",
i18n:recht.datenschutz.empfaengerZahlung,der Zahlungsanbieter für Online-Bestellungen,de Bezuelservice fir Online-Bestellungen,le prestataire de paiement pour les commandes en ligne,
i18n:recht.datenschutz.empfaengerMail,der Anbieter für den Mailversand,den Ubidder fir de Mailversand,le prestataire d'envoi des e-mails,
i18n:recht.datenschutz.empfaengerHosting,"GitHub Pages, Hosting der Seiten","GitHub Pages, Hosting vun de Säiten","GitHub Pages, hébergement des pages",
i18n:recht.datenschutz.fristenH2,Wie lange wir speichern,Wéi laang mir späicheren,Durée de conservation,
i18n:recht.datenschutz.fristenReservierung,"Reservierungen: 30 Tage nach dem Abholdatum, dann anonymisiert","Reservatiounen: 30 Deeg nom Ofhueldatum, duerno anonymiséiert","Réservations : 30 jours après la date de retrait, puis anonymisées",
i18n:recht.datenschutz.fristenBestellung,"Bestellungen: 90 Tage nach dem Abschluss, dann anonymisiert; die Belege liegen im Kassensystem des Hauses","Bestellungen: 90 Deeg nom Ofschloss, duerno anonymiséiert; d'Beleeër leien am Keessesystem vum Haus","Commandes : 90 jours après la clôture, puis anonymisées ; les justificatifs se trouvent dans le système de caisse de la maison",
i18n:recht.datenschutz.fristenAnfrage,Anfragen: 12 Monate,Ufroen: 12 Méint,Demandes : 12 mois,
i18n:recht.datenschutz.fristenJob,Ein täglicher Ablauf anonymisiert und löscht die Daten nach diesen Fristen.,En alldeegleche Prozess anonymiséiert a läscht d'Donnéeë no dëse Fristen.,Un traitement quotidien anonymise et supprime les données après ces délais.,
i18n:recht.datenschutz.cookiesH2,"Keine Cookies, kein Tracking","Keng Cookien, keen Tracking","Pas de cookies, pas de suivi",
i18n:recht.datenschutz.cookies,"Diese Website setzt keine Cookies und misst keine Besuche. Ihr Warenkorb und das gewählte Haus liegen nur in Ihrem Browser (localStorage), weil Sie diese Funktionen benutzen. Nach einem Fehler im Formular hält Ihr Browser die Eingaben kurz fest (sessionStorage), damit Sie nicht alles neu tippen müssen. Für den Schutz vor zu vielen Anfragen wird Ihre IP-Adresse nur als Prüfsumme verwendet und nicht gespeichert.","Dës Websäit setzt keng Cookien a moosst keng Visitten. Ären Akafskuerf an d'Haus, dat Dir gewielt hutt, leien nëmmen an Ärem Browser (localStorage), well Dir dës Funktioune benotzt. No engem Feeler am Formulaire hält Äre Browser Är Agaben eng kuerz Zäit fest (sessionStorage), fir datt Dir net alles nei tippe musst. Fir de Schutz géint ze vill Ufroe gëtt Är IP-Adress nëmmen als Préifzomm benotzt an net gespäichert.","Ce site ne dépose aucun cookie et ne mesure pas les visites. Votre panier et la maison choisie restent uniquement dans votre navigateur (localStorage), parce que vous utilisez ces fonctions. Après une erreur dans un formulaire, votre navigateur garde brièvement vos saisies (sessionStorage) pour que vous n'ayez pas à tout retaper. Pour la protection contre un trop grand nombre de demandes, votre adresse IP n'est utilisée que sous forme d'empreinte et n'est pas enregistrée.",
i18n:recht.datenschutz.externH2,Links zu anderen Diensten,Linken op aner Servicer,Liens vers d'autres services,
i18n:recht.datenschutz.extern,"Die Schriften liegen auf dieser Website; dafür gibt es keine Verbindung zu Google. Links zu Google Maps („Route planen“), Facebook und Letzshop öffnen den Dienst erst, wenn Sie sie anklicken.","D'Schrëften leien op dëser Websäit, dofir gëtt et keng Verbindung mat Google. Linken op Google Maps („Wee plangen“), Facebook a Letzshop maachen de Service eréischt op, wann Dir drop klickt.","Les polices sont hébergées sur ce site, sans connexion à Google. Les liens vers Google Maps (« Itinéraire »), Facebook et Letzshop n'ouvrent le service que si vous cliquez dessus.",
i18n:recht.datenschutz.mapsH2,Karten von Google Maps,Kaarte vu Google Maps,Cartes Google Maps,
i18n:recht.datenschutz.maps,"Auf den Seiten der Häuser können Sie eine Karte von Google Maps laden. Erst wenn Sie auf „Karte laden“ klicken, verbindet sich Ihr Browser mit Google (Google Ireland Limited, Gordon House, Barrow Street, Dublin 4, Irland). Dabei erhält Google unter anderem Ihre IP-Adresse und die Adresse der Seite; Google kann Cookies setzen und Daten in die USA übermitteln. Rechtsgrundlage ist Ihre Einwilligung durch den Klick (Art. 6 Abs. 1 lit. a DSGVO); sie gilt nur für diesen Seitenaufruf. Ohne Klick wird nichts an Google übertragen.","Op de Säite vun den Haiser kënnt Dir eng Kaart vu Google Maps lueden. Äre Browser verbënnt sech eréischt mat Google (Google Ireland Limited, Gordon House, Barrow Street, Dublin 4, Irland), wann Dir op „Kaart lueden“ klickt. Dobäi kritt Google ënner anerem Är IP-Adress an d'Adress vun der Säit; Google kann Cookien setzen an Donnéeën an d'USA iwwerdroen. Rechtsgrondlag ass Är Awëllegung duerch de Klick (Art. 6 Abs. 1 Bst. a DSGVO); se gëllt nëmme fir dësen Opruff vun der Säit. Ouni Klick gëtt näischt u Google iwwerdroen.","Sur les pages des maisons, vous pouvez charger une carte Google Maps. Votre navigateur ne se connecte à Google (Google Ireland Limited, Gordon House, Barrow Street, Dublin 4, Irlande) que lorsque vous cliquez sur « Charger la carte ». Google reçoit alors notamment votre adresse IP et l'adresse de la page ; Google peut déposer des cookies et transférer des données vers les États-Unis. La base juridique est votre consentement par ce clic (art. 6, par. 1, point a) du RGPD) ; il ne vaut que pour cet affichage de la page. Sans clic, rien n'est transmis à Google.",
i18n:recht.datenschutz.mapsLink,Datenschutzerklärung von Google,Dateschutzerklärung vu Google,Règles de confidentialité de Google,
i18n:recht.datenschutz.rechteH2,Ihre Rechte,Är Rechter,Vos droits,
i18n:recht.datenschutz.rechte,"Sie können Auskunft über Ihre Daten verlangen, sie berichtigen, löschen oder einschränken lassen, der Verarbeitung widersprechen, Ihre Daten übertragen lassen und eine Einwilligung jederzeit widerrufen. Schreiben Sie dazu an das Haus. Sie können sich außerdem bei der CNPD beschweren, der Datenschutzbehörde in Luxemburg.","Dir kënnt Auskunft iwwer Är Donnéeë froen, se korrigéieren, läschen oder aschränke loossen, der Veraarbechtung widderspriechen, Är Donnéeën iwwerdroe loossen an eng Awëllegung zu all Moment zréckzéien. Schreift dofir dem Haus. Dir kënnt Iech och bei der CNPD beschwéieren, der Dateschutzautoritéit zu Lëtzebuerg.","Vous pouvez demander l'accès à vos données, leur rectification, leur effacement ou la limitation de leur traitement, vous opposer au traitement, demander leur portabilité et retirer un consentement à tout moment. Écrivez pour cela à la maison. Vous pouvez aussi introduire une réclamation auprès de la CNPD, l'autorité de protection des données au Luxembourg.",
i18n:recht.agb.h1,Allgemeine Geschäftsbedingungen,Allgemeng Geschäftskonditiounen,Conditions générales de vente,
i18n:recht.agb.s1,Geltungsbereich und Vertragspartner,Gëltegkeet a Kontraktpartner,Champ d'application et parties au contrat,
i18n:recht.agb.s2,Vertragsschluss,Ofschloss vum Kontrakt,Conclusion du contrat,
i18n:recht.agb.s3,Preise und Versandkosten,Präisser a Versandkäschten,Prix et frais de livraison,
i18n:recht.agb.s4,Zahlung,Bezuelung,Paiement,
i18n:recht.agb.s5,Abholung und Lieferung,Ofhuelen a Liwwerung,Retrait et livraison,
i18n:recht.agb.s6,Widerrufsrecht,Réckzuchsrecht,Droit de rétractation,
i18n:recht.agb.s7,Gewährleistung,Garantie,Garantie,
i18n:recht.agb.s8,Reservierungen,Reservatiounen,Réservations,
i18n:recht.agb.s9,Gutscheine,Kaddosbongen,Chèques-cadeaux,
i18n:recht.agb.s10,Schlussbestimmungen,Schlussbestëmmungen,Dispositions finales,
i18n:recht.agb.partner,"Vertragspartner ist das Haus, bei dem Sie bezahlen: Confection Lanners für Artikel aus der Grand-Rue 18, Jager-Oberlinkels für Artikel aus der Grand-Rue 32.","Äre Kontraktpartner ass d'Haus, bei deem Dir bezuelt: Confection Lanners fir Artikelen aus der Grand-Rue 18, Jager-Oberlinkels fir Artikelen aus der Grand-Rue 32.","Votre cocontractant est la maison auprès de laquelle vous payez : Confection Lanners pour les articles du 18 Grand-Rue, Jager-Oberlinkels pour les articles du 32 Grand-Rue.",
i18n:recht.widerruf.h1,Widerrufsbelehrung,Widderruffsbeléierung,Informations sur la rétractation,
i18n:recht.widerruf.s1,Widerrufsrecht,Réckzuchsrecht,Droit de rétractation,
i18n:recht.widerruf.s2,Folgen des Widerrufs,Konsequenze vum Réckzuch,Effets de la rétractation,
i18n:recht.widerruf.s3,Muster-Widerrufsformular,Muster-Formulaire fir de Réckzuch,Modèle de formulaire de rétractation,
i18n:recht.widerruf.s4,Ausschluss des Widerrufsrechts,Ausschloss vum Réckzuchsrecht,Exclusion du droit de rétractation,
i18n:recht.widerruf.vorlage,"Die Widerrufsbelehrung, die Jager-Oberlinkels auf Letzshop nutzt, ist nur eine Vorlage und wird angepasst.","D'Widderruffsbeléierung, déi Jager-Oberlinkels op Letzshop benotzt, ass nëmmen eng Virlag a gëtt ugepasst.",Les informations sur la rétractation utilisées par Jager-Oberlinkels sur Letzshop ne sont qu'un modèle et seront adaptées.,
i18n:recht.widerruf.frist,Online gekaufte Artikel können Sie innerhalb von 14 Tagen zurückgeben.,Online kaaft Artikele kënnt Dir bannent 14 Deeg zréckginn.,Vous pouvez retourner les articles achetés en ligne dans un délai de 14 jours.,
i18n:recht.versand.h1,Versand und Zahlung,Versand a Bezuelen,Livraison et paiement,
i18n:recht.versand.laenderH2,Wohin wir liefern,Wouhi mir liwweren,Où nous livrons,
i18n:recht.versand.kosten,Versandkosten,Versandkäschten,Frais de livraison,
i18n:recht.versand.lieferzeit,Lieferzeit,Liwwerzäit,Délai de livraison,
i18n:recht.versand.lieferzeitWert,{n} Werktage,{n} Aarbechtsdeeg,{n} jours ouvrables,
i18n:recht.versand.dienstH2,Versanddienst,Versanddéngscht,Transporteur,
i18n:recht.versand.abholungH2,Abholung im Haus,Ofhuelen am Haus,Retrait en boutique,
i18n:recht.versand.abholung,"Online bezahlte Artikel holen Sie ab dem nächsten Öffnungstag in dem Haus ab, in dem sie liegen.","Online bezuelt Artikele huelt Dir ab dem nächsten Ëffnungsdag an deem Haus of, wou se leien.","Les articles payés en ligne se retirent dès le jour d'ouverture suivant, dans la maison où ils se trouvent.",
i18n:recht.versand.zahlungH2,Zahlung,Bezuelung,Paiement,
i18n:recht.versand.zahlung,"Sie bezahlen online beim Zahlungsanbieter. Liegen Artikel aus beiden Häusern in Ihrem Warenkorb, bezahlen Sie bei jedem Haus separat, denn es sind zwei Firmen mit eigener Kasse.","Dir bezuelt online beim Bezuelservice. Leien Artikelen aus béiden Haiser an Ärem Akafskuerf, bezuelt Dir bei all Haus separat, well et zwou Firme mat enger eegener Keess sinn.","Vous payez en ligne chez le prestataire de paiement. Si votre panier contient des articles des deux maisons, vous payez chaque maison séparément, car ce sont deux sociétés avec leur propre caisse.",
i18n:recht.versand.zahlarten,Die Zahlungsarten zeigt der Zahlungsanbieter beim Bezahlen an.,"De Bezuelservice weist d'Bezuelméiglechkeeten un, wann Dir bezuelt.",Le prestataire de paiement affiche les moyens de paiement au moment de payer.,
i18n:recht.versand.gutscheine,Gutscheine lösen Sie im Laden ein.,Kaddosbonge léist Dir am Buttek an.,Les chèques-cadeaux s'utilisent en boutique.,
i18n:mail.anrede,"Guten Tag {name},","Moien {name},","Bonjour {name},",
i18n:mail.gruss,Bis bald in der Grand-Rue.,Bis geschwënn an der Grand-Rue.,À bientôt dans la Grand-Rue.,
i18n:mail.betreffReservierung,Ihre Reservierung bei {haeuser},Är Reservatioun bei {haeuser},Votre réservation chez {haeuser},
i18n:mail.betreffBestellung,Ihre Bestellung {nr} bei {haus},Är Bestellung {nr} bei {haus},Votre commande {nr} chez {haus},
i18n:mail.betreffNachpruefen,Ihre Bestellung {nr}: Wir melden uns,Är Bestellung {nr}: Mir mellen eis,Votre commande {nr} : nous vous contactons,
i18n:mail.betreffBereitAbholung,Ihre Bestellung {nr} liegt bereit,Är Bestellung {nr} läit prett,Votre commande {nr} vous attend,
i18n:mail.betreffBereitVersand,Ihre Bestellung {nr} ist unterwegs,Är Bestellung {nr} ass ënnerwee,Votre commande {nr} est en route,
i18n:mail.imLaden,"Bezahlt wird im Laden, und nur, was Ihnen passt.","Bezuelt gëtt am Buttek, an nëmmen dat, wat Iech passt.","Vous payez en boutique, uniquement ce qui vous va.",
i18n:mail.artikel,Ihre Artikel,Är Artikelen,Vos articles,
i18n:mail.fragen,Fragen? Rufen Sie an: {telefon}.,Froen? Rufft eis un: {telefon}.,Des questions ? Appelez-nous : {telefon}.,
i18n:mail.bereitAbholung,"Ihre Bestellung liegt bei {haus}, Grand-Rue {hausnr}, für Sie bereit. Bringen Sie die Bestellnummer {bestellnr} mit.","Är Bestellung läit bei {haus}, Grand-Rue {hausnr}, fir Iech prett. Bréngt d'Bestellnummer {bestellnr} mat.","Votre commande vous attend chez {haus}, {hausnr} Grand-Rue. Munissez-vous du numéro de commande {bestellnr}.",
i18n:mail.bereitVersand,Ihr Paket ist unterwegs zu Ihnen.,Äre Pak ass ënnerwee bei Iech.,Votre colis est en route.,
i18n:mail.demo,"Demo: Diese Mail wurde nicht verschickt. Artikel, Preise und Bestände sind Beispieldaten.","Demo: Dës Mail gouf net verschéckt. Artikelen, Präisser a Stocke si Beispilldaten.","Démo : cet e-mail n'a pas été envoyé. Articles, prix et stocks sont des exemples.",
i18n:mail.datenschutz,"Wie wir Ihre Daten verwenden, steht in der Datenschutzerklärung: {link}","Wéi mir Är Donnéeë benotzen, steet an der Dateschutzerklärung: {link}",La façon dont nous utilisons vos données est décrite dans la déclaration de protection des données : {link},
i18n:mail.zeiten,Öffnungszeiten,Ëffnungszäiten,Horaires d'ouverture,
i18n:shop.zumShop,Zum Shop,An de Shop,Voir la boutique,
i18n:shop.zumShopVon,Zum Shop {haus},An de Shop {haus},Boutique {haus},
i18n:shop.lannersClaim,Damen- und Herrenmode,Fraen- an Häremoud,Mode femme et homme,
i18n:shop.jagerClaim,Herrenmode und Hüte,Häremoud an Hitt,Mode homme et chapeaux,
i18n:shop.sortimentAnsehen,Sortiment ansehen,Sortiment kucken,Voir l'assortiment,
i18n:shop.heute,Heute,Haut,Aujourd'hui,
i18n:shop.alleZeiten,Alle Öffnungszeiten,All Ëffnungszäiten,Tous les horaires,
i18n:shop.adresse,Adresse,Adress,Adresse,
i18n:shop.kontakt,Telefon & E-Mail,Telefon & E-Mail,Téléphone & e-mail,
i18n:shop.markenH2,Marken bei {haus},Marken bei {haus},Marques chez {haus},
i18n:shop.markenVorzeile,Im Haus erhältlich,Am Haus ze kréien,Disponibles en boutique,
i18n:shop.sortimentVorzeile,"Nur, was es hier gibt","Just dat, wat et hei gëtt",Uniquement ce qu'on trouve ici,
i18n:shop.sortimentH2,Sortiment bei {haus},Sortiment bei {haus},Assortiment chez {haus},
i18n:shop.alleArtikel,Alle Artikel bei {haus},All Artikele bei {haus},Tous les articles chez {haus},
i18n:shop.alleArtikelAnzahl,Alle {n} Artikel bei {haus} ansehen,All {n} Artikele bei {haus} kucken,Voir les {n} articles chez {haus},
i18n:shop.ueberVorzeile,Das Haus,D'Haus,La maison,
i18n:shop.ueberH2,Über {haus},Iwwer {haus},À propos de {haus},
i18n:shop.zeitenVorzeile,Wann wir da sind,Wéini mir op sinn,Quand nous sommes là,
i18n:shop.kontaktVorzeile,Wo Sie uns finden,Wou Dir eis fannt,Où nous trouver,
i18n:shop.anderesVorzeile,Nur ein paar Schritte weiter,Just e puer Schrëtt méi wäit,À quelques pas,
i18n:shop.anderesH2,Schauen Sie auch bei {haus} vorbei,Kuckt och bei {haus} eran,Passez aussi chez {haus},
i18n:shop.jagerZeichnung,Zeichnung des Eckhauses Jager-Oberlinkels aus dem Logo,Zeechnung vum Eckhaus Jager-Oberlinkels aus dem Logo,"Dessin de la maison d'angle Jager-Oberlinkels, tiré du logo",
i18n:status.offenBis,Geöffnet bis {zeit},Op bis {zeit},Ouvert jusqu'à {zeit},
i18n:status.pause,"Mittagspause, wieder ab {zeit}","Mëttespaus, nees op vun {zeit} un","Pause de midi, réouverture à {zeit}",
i18n:status.oeffnetHeute,"Geschlossen, öffnet um {zeit}","Zou, mécht um {zeit} op","Fermé, ouvre à {zeit}",
i18n:status.oeffnetMorgen,"Geschlossen, öffnet morgen um {zeit}","Zou, mécht muer um {zeit} op","Fermé, ouvre demain à {zeit}",
i18n:status.oeffnetTag,"Geschlossen, öffnet {tag} um {zeit}","Zou, mécht {tag} um {zeit} op","Fermé, ouvre {tag} à {zeit}",
i18n:geschichte.vorzeile,Seit 1891 in der Grand-Rue,Zënter 1891 an der Grand-Rue,Depuis 1891 dans la Grand-Rue,
i18n:geschichte.h1,Unsere Geschichte,Eis Geschicht,Notre histoire,
i18n:geschichte.intro,"Zwei Modehäuser, 14 Hausnummern auseinander, mitten in Ettelbruck: Jager-Oberlinkels in der Grand-Rue 32 und Confection Lanners in der Grand-Rue 18. Hier lesen Sie, wie aus einem Hutgeschäft ein Herrenausstatter wurde und was die zwei Häuser heute ausmacht.","Zwee Moudenhaiser, 14 Hausnummeren auserneen, matzen zu Ettelbréck: Jager-Oberlinkels an der Grand-Rue 32 an d'Confection Lanners an der Grand-Rue 18. Hei liest Dir, wéi aus engem Hutgeschäft en Häreausstatter ginn ass a wat déi zwee Haiser haut ausmécht.","Deux maisons de mode, à 14 numéros l'une de l'autre, au cœur d'Ettelbruck : Jager-Oberlinkels au 32, Grand-Rue et Confection Lanners au 18, Grand-Rue. Découvrez comment un magasin de chapeaux est devenu un spécialiste de la mode masculine, et ce qui fait aujourd'hui l'esprit des deux maisons.",
i18n:geschichte.zeitVorzeile,Zeitstrahl,Zäitstrahl,Chronologie,
i18n:geschichte.zeitH2,Vom Hutgeschäft zu zwei Modehäusern,Vum Hutgeschäft bis bei zwee Moudenhaiser,Du magasin de chapeaux à deux maisons de mode,
i18n:geschichte.danach,Danach,Duerno,Ensuite,
i18n:geschichte.heute,Heute,Haut,Aujourd'hui,
i18n:geschichte.online,Online,Online,En ligne,
i18n:geschichte.s1Titel,Jager öffnet als Hutgeschäft,Jager mécht als Hutgeschäft op,Jager ouvre comme magasin de chapeaux,
i18n:geschichte.s1Text,"In der Grand-Rue 32 beginnt die Geschichte von Jager-Oberlinkels: als Hutgeschäft, an derselben Adresse wie heute.","An der Grand-Rue 32 fänkt d'Geschicht vu Jager-Oberlinkels un: als Hutgeschäft, op där selwechter Adress wéi haut.","Au 32, Grand-Rue commence l'histoire de Jager-Oberlinkels : un magasin de chapeaux, à la même adresse qu'aujourd'hui.",
i18n:geschichte.s2Titel,Hüte und Hemden,Hitt an Hiemer,Chapeaux et chemises,
i18n:geschichte.s2Text,Zu den Hüten kommen Hemden dazu: Aus dem Hutgeschäft wird ein Hut- und Hemdengeschäft.,Bei d'Hitt kommen Hiemer dobäi: Aus dem Hutgeschäft gëtt en Hut- an Hiemergeschäft.,Les chemises rejoignent les chapeaux : le magasin de chapeaux devient une chapellerie-chemiserie.,
i18n:geschichte.s3Titel,Confection Lanners in der Grand-Rue 18,Confection Lanners an der Grand-Rue 18,"Confection Lanners au 18, Grand-Rue",
i18n:geschichte.s3Text,"Vierzehn Hausnummern weiter, in der Grand-Rue 18, kleidet Confection Lanners Damen und Herren ein. Das Gründungsjahr wird hier nachgetragen.","Véierzéng Hausnummeren weider, an der Grand-Rue 18, kleet d'Confection Lanners Fraen an Hären an. D'Grënnungsjoer gëtt hei nogedroen.","Quatorze numéros plus loin, au 18, Grand-Rue, Confection Lanners habille femmes et hommes. L'année de fondation sera ajoutée ici.",
i18n:geschichte.s4Titel,"Zwei Häuser, eine Straße","Zwee Haiser, eng Strooss","Deux maisons, une rue",
i18n:geschichte.s4Text,"Jager kleidet Herren von Kopf bis Fuß ein, mit Hüten von Stetson und Fynch Hatton, Barbour, Lacoste und Levi's. Lanners bietet auf 520 m² Damen- und Herrenmode von Boss bis Save the Duck.","Jager kleet Hären vu Kapp bis Fouss an, mat Hitt vu Stetson a Fynch Hatton, Barbour, Lacoste a Levi's. Lanners bitt op 520 m² Fraen- an Häremoud vu Boss bis Save the Duck.","Jager habille les hommes de la tête aux pieds, avec des chapeaux Stetson et Fynch Hatton, Barbour, Lacoste et Levi's. Sur 520 m², Lanners propose la mode femme et homme, de Boss à Save the Duck.",
i18n:geschichte.s5Titel,Beide Häuser online,Béid Haiser online,Les deux maisons en ligne,
i18n:geschichte.s5Text,"Auf dieser Website sehen Sie, was in Ihrer Größe in welchem Haus da ist. Reservieren Sie es und probieren Sie es in Ruhe im Laden an.","Op dëser Websäit gesitt Dir, wat an Ärer Gréisst a wéi engem Haus do ass. Reservéiert et a probéiert et a Rou am Buttek un.","Sur ce site, vous voyez ce qui est disponible dans votre taille et dans quelle maison. Réservez-le et essayez-le tranquillement en boutique.",
i18n:geschichte.besuchVorzeile,Besuchen Sie uns,Kommt eis besichen,Rendez-nous visite,
i18n:geschichte.besuchH2,Mitten in Ettelbruck,Matzen zu Ettelbréck,Au cœur d'Ettelbruck,
i18n:maps.laden,Karte laden,Kaart lueden,Charger la carte,
i18n:maps.hinweis,Beim Laden überträgt Google Maps Daten wie Ihre IP-Adresse an Google.,Beim Lueden iwwerdréit Google Maps Donnéeë wéi Är IP-Adress u Google.,"Au chargement, Google Maps transmet des données comme votre adresse IP à Google.",
i18n:maps.datenschutz,Mehr im Datenschutz,Méi am Dateschutz,En savoir plus,
i18n:maps.titel,Karte: {haus} in Google Maps,Kaart: {haus} op Google Maps,Carte : {haus} sur Google Maps,
i18n:maps.oeffnen,In Google Maps öffnen,Op Google Maps opmaachen,Ouvrir dans Google Maps,
i18n:anfahrt.vorzeile,So finden Sie uns,Sou fannt Dir eis,Pour nous trouver,
i18n:anfahrt.h2,Anfahrt & Parken,Wee & Parken,Accès & parking,
i18n:anfahrt.parken,Parken,Parken,Stationnement,
i18n:anfahrt.parkenText,"Die nächsten Parkplätze und Parkhäuser nennen wir hier, sobald die Häuser sie bestätigt haben.","Déi nootste Parkplazen a Parkhaiser nenne mir hei, soubal d'Haiser se bestätegt hunn.",Nous indiquerons ici les parkings les plus proches dès que les maisons les auront confirmés.,
i18n:anfahrt.zug,Mit dem Zug,Mam Zuch,En train,
i18n:anfahrt.zugText,Bahnhof Ettelbruck. Fußweg zur Grand-Rue:,Gare Ettelbréck. Zu Fouss bis an d'Grand-Rue:,Gare d'Ettelbruck. Trajet à pied jusqu'à la Grand-Rue :,
i18n:anfahrt.bus,Mit dem Bus,Mam Bus,En bus,
i18n:anfahrt.busText,Nächste Haltestelle und Linien:,Nootsten Arrêt a Linnen:,Arrêt le plus proche et lignes :,
i18n:anfahrt.fuss,Von Haus zu Haus,Vun Haus zu Haus,D'une maison à l'autre,
i18n:anfahrt.fussText,"{haus} liegt nur ein paar Schritte weiter, in der Grand-Rue {nr}.","{haus} läit just e puer Schrëtt méi wäit, an der Grand-Rue {nr}.","{haus} se trouve à quelques pas, au {nr}, Grand-Rue.",
i18n:schnell.label,Schnellzugriff {haus},Séieren Zougrëff {haus},Accès rapide {haus},
i18n:schnell.anrufen,Anrufen,Uruffen,Appeler,
i18n:schnell.route,Route,Wee,Itinéraire,
i18n:schnell.zeiten,Öffnungszeiten,Ëffnungszäiten,Horaires,
i18n:vertrauen.titel,Gut zu wissen,Gutt ze wëssen,Bon à savoir,
i18n:vertrauen.reserve,Kostenlos reservieren,Gratis reservéieren,Réservation gratuite,
i18n:vertrauen.reserveText,Anprobieren und bezahlen im Laden.,Am Buttek uprobéieren a bezuelen.,Essayez et payez en boutique.,
i18n:vertrauen.collect,Abholen in der Grand-Rue,Ofhuelen an der Grand-Rue,Retrait dans la Grand-Rue,
i18n:vertrauen.collectText,Ab dem nächsten Öffnungstag.,Vum nächsten Ëffnungsdag un.,Dès le jour d'ouverture suivant.,
i18n:vertrauen.ship,Lieferung in Luxemburg,Liwwerung a Lëtzebuerg,Livraison au Luxembourg,
i18n:vertrauen.shipText,In {n} Werktagen.,An {n} Aarbechtsdeeg.,En {n} jours ouvrables.,
i18n:vertrauen.zahlung,Sicher bezahlen,Sécher bezuelen,Paiement sécurisé,
i18n:vertrauen.zahlungText,Verschlüsselt beim Zahlungsanbieter.,Verschlësselt beim Bezueldéngschtleeschter.,"Chiffré, chez le prestataire de paiement.",
i18n:vertrauen.umtausch,Umtausch im Laden,Ëmtausch am Buttek,Échange en boutique,
i18n:vertrauen.beratung,Persönliche Beratung,Perséinlech Berodung,Conseil personnalisé,
warengruppen.json:abteilungen.herren.name,Herren,Hären,Homme,
warengruppen.json:abteilungen.herren.slug,herren,haeren,homme,
warengruppen.json:abteilungen.herren.fuer,für Herren,fir Hären,pour homme,
warengruppen.json:abteilungen.damen.name,Damen,Fraen,Femme,
warengruppen.json:abteilungen.damen.slug,damen,fraen,femme,
warengruppen.json:abteilungen.damen.fuer,für Damen,fir Fraen,pour femme,
warengruppen.json:accessoires.name,Hüte & Accessoires,Hitt & Accessoiren,Chapeaux & accessoires,
warengruppen.json:accessoires.slug,huete-accessoires,hitt-accessoiren,chapeaux-accessoires,
warengruppen.json:warengruppen.0.name,Jacken,Jacketten,Vestes,
warengruppen.json:warengruppen.0.slug,jacken,jacketten,vestes,
warengruppen.json:warengruppen.1.name,Mäntel,Mäntel,Manteaux,
warengruppen.json:warengruppen.1.slug,maentel,maentel,manteaux,
warengruppen.json:warengruppen.2.name,Anzüge & Sakkos,Kostumer & Sakkoen,Costumes & blazers,
warengruppen.json:warengruppen.2.slug,anzuege-sakkos,kostumer-sakkoen,costumes-blazers,
warengruppen.json:warengruppen.3.name,Hemden,Hiemer,Chemises,
warengruppen.json:warengruppen.3.slug,hemden,hiemer,chemises,
warengruppen.json:warengruppen.4.name,Blusen & Shirts,Blusen & Shirten,Blouses & tops,
warengruppen.json:warengruppen.4.slug,blusen-shirts,blusen-shirten,blouses-tops,
warengruppen.json:warengruppen.5.name,Polos & T-Shirts,Polos & T-Shirten,Polos & T-shirts,
warengruppen.json:warengruppen.5.slug,polos-t-shirts,polos-t-shirten,polos-t-shirts,
warengruppen.json:warengruppen.6.name,Strick,Strécksaachen,Mailles,
warengruppen.json:warengruppen.6.slug,strick,strecksaachen,mailles,
warengruppen.json:warengruppen.7.name,Hosen,Boxen,Pantalons,
warengruppen.json:warengruppen.7.slug,hosen,boxen,pantalons,
warengruppen.json:warengruppen.8.name,Jeans,Jeans,Jeans,
warengruppen.json:warengruppen.8.slug,jeans,jeans,jeans,
warengruppen.json:warengruppen.9.name,Kleider,Kleeder,Robes,
warengruppen.json:warengruppen.9.slug,kleider,kleeder,robes,
warengruppen.json:warengruppen.10.name,Wäsche,Ënnerwäsch,Sous-vêtements,
warengruppen.json:warengruppen.10.slug,waesche,ennerwaesch,sous-vetements,
warengruppen.json:warengruppen.11.name,Hüte,Hitt,Chapeaux,
warengruppen.json:warengruppen.11.slug,huete,hitt,chapeaux,
warengruppen.json:warengruppen.12.name,Mützen & Kappen,Kappen,Bonnets & casquettes,
warengruppen.json:warengruppen.12.slug,muetzen-kappen,kappen,bonnets-casquettes,
warengruppen.json:warengruppen.13.name,Gürtel,Rimmen,Ceintures,
warengruppen.json:warengruppen.13.slug,guertel,rimmen,ceintures,
warengruppen.json:warengruppen.14.name,Taschen & Lederwaren,Täschen & Liederwueren,Sacs & maroquinerie,
warengruppen.json:warengruppen.14.slug,taschen-lederwaren,taeschen-liederwueren,sacs-maroquinerie,
warengruppen.json:warengruppen.15.name,Schals,Schals,Écharpes,
warengruppen.json:warengruppen.15.slug,schals,schals,echarpes,
oeffnungszeiten.json:feiertagsnamen.neujahr,Neujahr,Neijoerschdag,Jour de l'an,
oeffnungszeiten.json:feiertagsnamen.ostermontag,Ostermontag,Ouschterméindeg,Lundi de Pâques,
oeffnungszeiten.json:feiertagsnamen.tag-der-arbeit,Tag der Arbeit,Dag vun der Aarbecht,Fête du Travail,
oeffnungszeiten.json:feiertagsnamen.europatag,Europatag,Europadag,Journée de l'Europe,
oeffnungszeiten.json:feiertagsnamen.himmelfahrt,Christi Himmelfahrt,Christi Himmelfaart,Ascension,
oeffnungszeiten.json:feiertagsnamen.pfingstmontag,Pfingstmontag,Péngschtméindeg,Lundi de Pentecôte,
oeffnungszeiten.json:feiertagsnamen.nationalfeiertag,Nationalfeiertag,Nationalfeierdag,Fête nationale,
oeffnungszeiten.json:feiertagsnamen.mariae-himmelfahrt,Mariä Himmelfahrt,Léiffrawëschdag,Assomption,
oeffnungszeiten.json:feiertagsnamen.allerheiligen,Allerheiligen,Allerhellgen,Toussaint,
oeffnungszeiten.json:feiertagsnamen.weihnachten,1. Weihnachtstag,Chrëschtdag,Noël,
oeffnungszeiten.json:feiertagsnamen.stephanstag,2. Weihnachtstag,Stiefesdag,Saint-Étienne,
